Workbook
Name ACT_tempK: CARGO!$K$3
Name AFTtst: נתונים!$AP$58
Name avgEQIPaftARM: נתונים!$AR$54
Name avgEQIPfwdARM: נתונים!$AR$53
Name cargoLIMITarea: CARGO100!$R$31
Name cargoLIMITarea: CARGO70!$R$31
Name cargoLIMITarea: CARGO80!$R$31
Name cargoLIMITarea: CARGO90!$R$31
Name cargoLIMITarea: CARGO!$R$31
Name cargoLMT: CARGO!$G$63
Name cargoLMTat140: CARGO!$G$65
Name cargoLMTfuel: CARGO!$AN$15:$AN$78
Name choose_pic: INDEX(תמונות!$B$2:$B$28,MATCH(תמונות!$C$2,תמונות!$A$2:$A$28,0))
Name choose_pic_main: INDEX(תמונות!$B$2:$B$28,MATCH(ראשי!$D$7,תמונות!$A$2:$A$28,0))
Name DensityAlt: CARGO!$J$6
Name externalLOADmoment: נתונים!$N$23:$N$25
Name externalLOADwt: נתונים!$L$23:$L$25
Name EXTtst: נתונים!$AP$57
Name FRconfig: FR!$D$23
Name FUEL100: נתונים!$S$91
Name FUEL70: נתונים!$S$88
Name FUEL80: נתונים!$S$89
Name FUEL90: נתונים!$S$90
Name FWDtst: נתונים!$AP$56
Name INPUT11: ראשי!$M$7
Name INPUT12: ראשי!$M$9
Name INPUT13: ראשי!$M$11
Name INPUT14: ראשי!$M$13
Name INPUT15: ראשי!$M$15
Name INPUT21: ראשי!$J$7
Name INPUT22: ראשי!$J$9
Name INPUT23: ראשי!$J$11
Name INPUT24: ראשי!$J$13
Name INPUT25: ראשי!$J$15
Name ISA_35: CARGO!$J$5
Name LAT_LOADING_TABLE: נתונים!$AP$46:$AQ$48
Name LEFTtst: נתונים!$AP$65
Name LONG_LOADING_TABLE: נתונים!$AP$38:$AR$43
Name MAX_LATdevFUEL: נתונים!$AP$69
Name MAX_LONGdevFUEL: נתונים!$AP$62
Name maxAllowedAftArm: נתונים!$AR$62
Name MAXallowedFUEL: נתונים!$T$81
Name maxAllowedFwdArm: נתונים!$AR$58
Name maxCARGO: CARGO100!$G$62
Name maxCARGO: CARGO70!$G$62
Name maxCARGO: CARGO80!$G$62
Name maxCARGO: CARGO90!$G$62
Name maxCARGO: CARGO!$G$62
Name maxGRAPH: CARGO100!$R$32
Name maxGRAPH: CARGO70!$R$32
Name maxGRAPH: CARGO80!$R$32
Name maxGRAPH: CARGO90!$R$32
Name maxGRAPH: CARGO!$R$32
Name MAXGROSS: CARGO100!$K$22
Name MAXGROSS: CARGO70!$K$22
Name MAXGROSS: CARGO80!$K$22
Name MAXGROSS: CARGO90!$K$22
Name MAXGROSS: CARGO!$K$22
Name MIN_LATdevFUEL: נתונים!$AP$68
Name MIN_LONGdevFUEL: נתונים!$AP$61

Sheet ראשי
D2: גרסה | E2: 4.1
B4: מסוק | D4: BMP
B7: תצורת כסאות | D7: 01: קבועה - 4 כסאות
B9: מערכת | D9: DSP | J9: 10
B11: XP | D11: כן
B13: כריזה | D13: כן
B15: מתלה מטען + מראות | D15: ללא מראות | F15: משקל על הוו
B17: במבי | D17: ללא | F17: =IF(AND(userCARGOwt>0,userBAMBI="מחובר"),"כשבמבי מחובר - יש לאפס משקל על הוו ",IF(AND(userBAMBI="מחובר",userCARGO="ללא"),"חיבור במבי ניתן עם מתלה מטען בלבד",""))
B19: מתקן גלישה | D19: ללא | F19: צד | H19: ימין+שמאל
B23: צוות | D23: טייס ימין | H23: טייס שמאל
D24: 80 | H24: 80
D26: 3 | F26: 2 | H26: 1 | J26: פירוט תצורה
F27: 0 | J27: =IF(sum_chairs>0,sum_chairs&" כסאות",IF(sum_palsivs>0,sum_palsivs&" פלסיב","ללא כסאות")) -> 4 כסאות
B28: תא נוסעים | D28: 6 | F28: 5 | H28: 4 | J28: ="מערכת - "&userFLIR -> מערכת - DSP
J29: ="XP - "&userXP -> XP - כן
D30: 9 | F30: 8 | H30: 7 | J30: ="מתלה מטען / מראות - "&userCARGO -> מתלה מטען / מראות - ללא מראות
J31: ="במבי - "&userBAMBI -> במבי - ללא
J32: ="מתקן גלישה - "&userFR&IF(userFR="ללא",""," / "&userFRside) -> מתקן גלישה - ללא
D33: משקל | F33: LONG | H33: LAT
B34: מטען נוסף | C34: 1)
B35: יש להזין משקל וCG | C35: 2)
C36: 3)
C37: 4) | I37: { | J37: הזנה חופשית
C38: 5)
C39: 6)
C41: גובה | D41: 2000 | F41: טמפ' | G41: 20 | J41: משקל מירבי לחישוב | L41: 3700
J43: מירבי מינוס 100kg? | L43: לא
C45: מסוק ריק | F45: =VLOOKUP($D$4,נתונים!$C$7:$D$8,2,FALSE) -> 2386.95 | J45: פריסטים לגיחה
C46: תצורה והתקנות | F46: =SUM(נתונים!$L$7:$L$19)+SUM(נתונים!$D$40:$D$51) -> 152.652 | H46: מסוק וצוות | J46: מים | L46: דלק | M46: GO/NOGO
C47: ברזל HELIONIX | F47: =SUM(F45:F46) -> 2539.602 | H47: =ROUND(SUM($F$47:$F$48),0)&" kg" -> 2700 kg | J47: 70% (476 ל') | L47: =IF(ROUND(MAXGROSS-SUM($F$47:$F$49)-0.7*680-40,0)>100,ROUND(MAXGROSS-SUM($F$47:$F$49)-0.7*680-40,0)&" kg","----") -> 484 kg | M47: =CARGO70!G65 -> GO
C48: צוות | F48: =SUM(נתונים!$D$12:$D$13) -> 160 | I48: + | J48: 80% (544 ל') | L48: =IF(ROUND(MAXGROSS-SUM($F$47:$F$49)-0.8*680-40,0)>100,ROUND(MAXGROSS-SUM($F$47:$F$49)-0.8*680-40,0)&" kg","----") -> 416 kg | M48: =CARGO80!G65 -> GO
C49: נוסעים וציוד | F49: =SUM(נתונים!$D$17:$D$35,נתונים!$L$30:$L$35) -> 0 | H49: מטען מועיל | J49: 90% (612 ל') | L49: =IF(ROUND(MAXGROSS-SUM($F$47:$F$49)-0.9*680-40,0)>100,ROUND(MAXGROSS-SUM($F$47:$F$49)-0.9*680-40,0)&" kg","----") -> 348 kg | M49: =CARGO90!G65 -> GO
C50: =IF(AND(userBAMBI="מחובר",userCARGO<>"ללא"),"במבי + מים","מטען חיצוני") -> מטען חיצוני | D50: 0 | F50: =IF(OR(userCARGO="ללא מראות",userCARGO="עם מראות"),IF(userBAMBI="מחובר",נתונים!$L$25,נתונים!$L$24),0) -> 0 | H50: =ROUND(MAXGROSS-SUM($F$47:$F$48),0)&" kg" -> 1000 kg | J50: 100% (680 ל') | L50: =IF(ROUND(MAXGROSS-SUM($F$47:$F$49)-680-40,0)>100,ROUND(MAXGROSS-SUM($F$47:$F$49)-680-40,0)&" kg","----") -> 280 kg | M50: =CARGO100!G65 -> GO
C51: דלק | D51: ="(מירבי "&IF(ROUND(MAXGROSS-SUM($F$47:$F$48)-SUM($F$49:$F$50),0)>723,723,ROUND(MAXGROSS-SUM($F$47:$F$48)-SUM($F$49:$F$50),0))&")" -> (מירבי 723) | F51: 500
C52: משקל בהמראה | E52: kg | F52: =ROUND(SUM($F$47:$F$51),0) -> 3200 | H52: =MAXGROSS&" kg" -> 3700 kg | J52: ="משקל מקסימלי אפשרי על הוו עם דלק "&userFUEL -> משקל מקסימלי אפשרי על הוו עם דלק 500 | L52: ="עד "&maxCARGO&" "&CARGO!G63 -> עד 500 (משקל)
C53: ="EXCEEDING 3700 KG IS "&IF(OR(CARGO!$M$8,CARGO!$M$9),"PROHIBITED",IF(CARGO!$M$10,"PROHIBITED FOR T/O AND LANDING","APPROVED")) -> EXCEEDING 3700 KG IS APPROVED
C55: =IF(AFTtst,"AFT CG LIMIT OUT OF RANGE",IF(FWDtst,"FWD CG LIMIT OUT OF RANGE",IF(EXTtst,"FWD CG IN EXTENDED RANGE","LONG CG LIMIT WITHIN RANGE"))) -> LONG CG LIMIT WITHIN RANGE | J55: =IF(AND(MIN(cargoLMTfuel)>0,cargoLMT="(משקל)"),"EXT CARGO WEIGHT REDUCED DUE TO CG BETWEEN "&MAX(CARGO!AN15:AN78)&" AND "&MIN(CARGO!AN15:AN78)&" KG","")
C56: =IF(MIN_LONGdevFUEL+MAX_LONGdevFUEL>0,"BETWEEN "&MAX_LONGdevFUEL&" AND "&MIN_LONGdevFUEL&" KG FUEL","")
C57: =IF(RIGHTtst,"RIGHT CG LIMIT OUT OF RANGE",IF(LEFTtst,"LEFT CG LIMIT OUT OF RANGE",""))
C58: =IF(MIN_LATdevFUEL+MAX_LATdevFUEL>0,"BETWEEN "&MIN_LATdevFUEL&" AND "&MAX_LATdevFUEL&" KG FUEL","")
C59: =IF(F50>maxCARGO,"MAX EXT CARGO EXEEDED","")

Sheet תמונות
A1: תצורה | B1: שרטוט
A2: ='משקל מערכות'!C26 -> 01: קבועה - 4 כסאות | C2: 11: גלישה - תנינים
A3: ='משקל מערכות'!C27 -> 02: 2 כסאות / מתנא
A4: ='משקל מערכות'!C28 -> 03: בטן חלקה
A5: ='משקל מערכות'!C29 -> 04: תובלה 6 כסאות
A6: ='משקל מערכות'!C30 -> 05: תובלה - 7 כסאות
A7: ='משקל מערכות'!C31 -> 06: תובלה - 8 כסאות
A8: ='משקל מערכות'!C32 -> 07: שתפ לוחמים - ללא פלסיב
A9: ='משקל מערכות'!C33 -> 08: שתפ לוחמים - עם פלסיב
A10: ='משקל מערכות'!C34 -> 09: להבה - 4 לוחמים + ציוד + 2 כסאות
A11: ='משקל מערכות'!C35 -> 10: פינוי בהיטס
A12: ='משקל מערכות'!C36 -> 11: גלישה - תנינים
A13: ='משקל מערכות'!C37 -> 12: צניחה עם פלסיב
A14: ='משקל מערכות'!C38 -> 13: פרננדו
... A32: ='משקל מערכות'!C56 -> 0

Sheet נתונים
T2: ACTUAL FUEL TABLE | X2: LONG CG EXEED | AB2: ACTUAL FUEL TABLE2 | AI2: LONG CG EXEED2 | AW2: במבי | AX2: מערכת | AY2: זרקור | AZ2: מים (%) | BA2: משקל | BB2: דלק | BC2: משקל מירבי | BF2: FR | BG2: FR side | BH2: LongSt | BI2: LatSt | BJ2: מתלה מטען
T3: + CARGO MOST AFT CG | X3: W AFT CARGO | AB3: + CARGO MOST FWD CG | AI3: W FWD CARGO | AL3: LAT CG EXEED | AQ3: CALC CG ENV | AT3: ORIGINAL CG ENV | AW3: מחובר | AX3: ללא | AY3: לא | AZ3: 0 | BA3: 0 | BB3: 0 | BC3: 3700 | BD3: FWD1 | BE3: RIGHT | BF3: ללא | BG3: ימין+שמאל | BH3: 2000 | BI3: 1200 | BJ3: ללא
T4: MASS | U4: LONG ARM | V4: LAT ARM | X4: FWD | Y4: AFT | Z4: AFT FUEL | AB4: MASS | AC4: LONG ARM | AD4: LAT ARM | AF4: FWD FUEL | AG4: EXT FUEL | AH4: FWD | AI4: EXT | AJ4: AFT | AL4: RT | AM4: LT | AN4: LAT FUEL | AQ4: מומנט | AR4: משקל | AT4: מומנט | AU4: משקל | AW4: בבטן | AX4: SHAPO | AY4: כן | AZ4: 0.7 | BA4: 5 | BB4: 1 | BC4: 3800 | BD4: FWD2 | BE4: CENTER | BF4: מותקן | BG4: ימין | BH4: 2050 | BI4: 1150 | BJ4: ללא מראות
C5: EMPTY WEIGHT | K5: REMOVABLE EQUIPMENT | S5: משקל ללא דלק | T5: =VLOOKUP(ראשי!$D$4,נתונים!$C$56:$H$57,2,FALSE) -> 2699.602 | U5: =VLOOKUP(ראשי!$D$4,נתונים!$C$56:$H$57,3,FALSE) -> 4505.1075 | V5: =VLOOKUP(ראשי!$D$4,נתונים!$C$56:$H$57,6,FALSE) -> -5.8828587 | X5: =IF($T5<$AR$5,$U5<($T5-$AR$32)/$AQ$32,FALSE) -> FALSE | Y5: =IF($T5<$AR$5,$U5>($T5-$AR$33)/$AQ$33,FALSE) -> FALSE | Z5: =IF($Y5,0,"") | AA5: 0 | AB5: =VLOOKUP(ראשי!$D$4,נתונים!$C$61:$H$62,2,FALSE) -> 2699.602 | AC5: =VLOOKUP(ראשי!$D$4,נתונים!$C$61:$H$62,3,FALSE) -> 4505.1075 | AD5: =VLOOKUP(ראשי!$D$4,נתונים!$C$61:$H$62,6,FALSE) -> -5.8828587 | AH5: =OR($AC5<($AB5-$AR$34)/$AQ$34,$AC5<4250) -> FALSE | AI5: =IF(AB5<takeoffWT2,IF($AB5<$AR$5,$AC5<($AB5-$AR$32)/$AQ$32,FALSE),FALSE) -> FALSE | AJ5: =IF($AB5<$AR$5,$AC5>($AB5-$AR$33)/$AQ$33,FALSE) -> FALSE | AL5: =OR($AD5>$AQ$17,AND($AB5>$AR$16,$AD5>$AQ$16)) -> FALSE | AM5: =OR($AD5<$AQ$20,AND($AB5>$AR$16,$AD5<$AQ$21)) -> FALSE | AN5: =IF(OR(AL5:AM5),0,"") | AQ5: =IF(userMAXGROSS=3700,4380,4383) -> 4380 | AR5: =MAXGROSS -> 3700 | AT5: 4380 | AU5: 3700 | AW5: ללא | AX5: DSP | AZ5: 0.8 | BA5: 10 | BB5: 2 | BD5: MID1 | BE5: LEFT | BG5: שמאל | BH5: 2100 | BI5: 1100 | BJ5: עם מראות
C6: מסוק | D6: משקל | E6: LONG ARM | F6: מומנט אורכי | G6: מומנט רוחבי | H6: LAT ARM | K6: ציוד | L6: משקל | M6: LONG ARM | N6: מומנט אורכי | O6: מומנט רוחבי | P6: LAT ARM | T6: =IF($T$5+דלק!$C3>takoffweight+1,takoffweight,$T$5+דלק!$C3) -> 2709.602 | U6: =IF($T$5+דלק!$C3>takoffweight+1,INDIRECT(ADDRESS(ROW()-1,COLUMN())),($T$5*$U$5+דלק!$C3*דלק!$D3)/($T$5+דלק!$C3)) -> 4501.7782 | V6: =IF($T$5+דלק!$C3>takoffweight,INDIRECT(ADDRESS(ROW()-1,COLUMN())),($T$5*$V$5+דלק!$C3*דלק!$E3)/($T$5+דלק!$C3)) -> -5.3592288 | X6: =IF($T6<$AR$5,$U6<($T6-$AR$32)/$AQ$32,FALSE) -> FALSE | Y6: =IF($T6<$AR$5,$U6>($T6-$AR$33)/$AQ$33,FALSE) -> FALSE | Z6: =IF($Y6,דלק!$C3,"") | AA6: 10 | AB6: =IF($AB$5+דלק!$C3>takoffweight+1,takoffweight,$AB$5+דלק!$C3) -> 2709.602 | AC6: =IF($AB$5+דלק!$C3>takoffweight+1,INDIRECT(ADDRESS(ROW()-1,COLUMN())),($AB$5*$AC$5+דלק!$C3*דלק!$D3)/($AB$5+דלק!$C3)) -> 4501.7782 | AD6: =IF($AB$5+דלק!$C3>takoffweight,INDIRECT(ADDRESS(ROW()-1,COLUMN())),($AB$5*$AD$5+דלק!$C3*דלק!$E3)/($AB$5+דלק!$C3)) -> -5.3592288 | AH6: =OR($AC6<($AB6-$AR$34)/$AQ$34,$AC6<4250) -> FALSE | AI6: =IF(AB6<takeoffWT2,IF($AB6<$AR$5,$AC6<($AB6-$AR$32)/$AQ$32,FALSE),FALSE) -> FALSE | AJ6: =IF($AB6<$AR$5,$AC6>($AB6-$AR$33)/$AQ$33,FALSE) -> FALSE | AL6: =OR($AD6>$AQ$17,AND($AB6>$AR$16,$AD6>$AQ$16)) -> FALSE | AM6: =OR($AD6<$AQ$20,AND($AB6>$AR$16,$AD6<$AQ$21)) -> FALSE | AN6: =IF(OR(AL6:AM6),דלק!C3,"") | AQ6: =IF(userMAXGROSS=3700,4535,4525) -> 4535 | AR6: =AR5 -> 3700 | AT6: 4535 | AU6: =AU5 -> 3700 | AZ6: 0.9 | BA6: 15 | BB6: 3 | BD6: MID2 | BH6: 2150 | BI6: 1050
C7: BMO | D7: =ברזל!I27 -> 2390.45 | E7: =ברזל!J27 -> 4714.0336 | F7: =D7*E7 -> 11268662 | G7: =D7*H7 -> -5675.1082 | H7: =ברזל!M27 -> -2.3740753 | K7: =IF('משקל מערכות'!$B4=0,"",'משקל מערכות'!C4) | L7: =IF('משקל מערכות'!$B4=0,"",'משקל מערכות'!D4) | M7: =IF('משקל מערכות'!$B4=0,"",'משקל מערכות'!E4) | N7: =IF('משקל מערכות'!$B4=0,"",'משקל מערכות'!F4) | O7: =IF('משקל מערכות'!$B4=0,"",'משקל מערכות'!G4) | P7: =IF('משקל מערכות'!$B4=0,"",'משקל מערכות'!H4) | T7: =IF($T$5+דלק!$C4>takoffweight+1,takoffweight,$T$5+דלק!$C4) -> 2719.602 | U7: =IF($T$5+דלק!$C4>takoffweight+1,INDIRECT(ADDRESS(ROW()-1,COLUMN())),($T$5*$U$5+דלק!$C4*דלק!$D4)/($T$5+דלק!$C4)) -> 4498.4587 | V7: =IF($T$5+דלק!$C4>takoffweight,INDIRECT(ADDRESS(ROW()-1,COLUMN())),($T$5*$V$5+דלק!$C4*דלק!$E4)/($T$5+דלק!$C4)) -> -5.2733368 | X7: =IF($T7<$AR$5,$U7<($T7-$AR$32)/$AQ$32,FALSE) -> FALSE | Y7: =IF($T7<$AR$5,$U7>($T7-$AR$33)/$AQ$33,FALSE) -> FALSE | Z7: =IF($Y7,דלק!$C4,"") | AA7: 20 | AB7: =IF($AB$5+דלק!$C4>takoffweight+1,takoffweight,$AB$5+דלק!$C4) -> 2719.602 | AC7: =IF($AB$5+דלק!$C4>takoffweight+1,INDIRECT(ADDRESS(ROW()-1,COLUMN())),($AB$5*$AC$5+דלק!$C4*דלק!$D4)/($AB$5+דלק!$C4)) -> 4498.4587 | AD7: =IF($AB$5+דלק!$C4>takoffweight,INDIRECT(ADDRESS(ROW()-1,COLUMN())),($AB$5*$AD$5+דלק!$C4*דלק!$E4)/($AB$5+דלק!$C4)) -> -5.2733368 | AH7: =OR($AC7<($AB7-$AR$34)/$AQ$34,$AC7<4250) -> FALSE | AI7: =IF(AB7<takeoffWT2,IF($AB7<$AR$5,$AC7<($AB7-$AR$32)/$AQ$32,FALSE),FALSE) -> FALSE | AJ7: =IF($AB7<$AR$5,$AC7>($AB7-$AR$33)/$AQ$33,FALSE) -> FALSE | AL7: =OR($AD7>$AQ$17,AND($AB7>$AR$16,$AD7>$AQ$16)) -> FALSE | AM7: =OR($AD7<$AQ$20,AND($AB7>$AR$16,$AD7<$AQ$21)) -> FALSE | AN7: =IF(OR(AL7:AM7),דלק!C4,"") | AQ7: 4700 | AR7: 2000 | AT7: 4700 | AU7: 2000 | AZ7: 1 | BA7: 20 | BB7: 4 | BD7: AFT1 | BH7: 2200 | BI7: 1000
C8: BMP | D8: =ברזל!I28 -> 2386.95 | E8: =ברזל!J28 -> 4713.9748 | F8: =D8*E8 -> 11252022 | G8: =D8*H8 -> 2723.8228 | H8: =ברזל!M28 -> 1.1411311 | K8: =IF('משקל מערכות'!$B5=0,"",'משקל מערכות'!C5) | L8: =IF('משקל מערכות'!$B5=0,"",'משקל מערכות'!D5) | M8: =IF('משקל מערכות'!$B5=0,"",'משקל מערכות'!E5) | N8: =IF('משקל מערכות'!$B5=0,"",'משקל מערכות'!F5) | O8: =IF('משקל מערכות'!$B5=0,"",'משקל מערכות'!G5) | P8: =IF('משקל מערכות'!$B5=0,"",'משקל מערכות'!H5) | T8: =IF($T$5+דלק!$C5>takoffweight+1,takoffweight,$T$5+דלק!$C5) -> 2729.602 | U8: =IF($T$5+דלק!$C5>takoffweight+1,INDIRECT(ADDRESS(ROW()-1,COLUMN())),($T$5*$U$5+דלק!$C5*דלק!$D5)/($T$5+דלק!$C5)) -> 4495.1378 | V8: =IF($T$5+דלק!$C5>takoffweight,INDIRECT(ADDRESS(ROW()-1,COLUMN())),($T$5*$V$5+דלק!$C5*דלק!$E5)/($T$5+דלק!$C5)) -> -5.2137188 | X8: =IF($T8<$AR$5,$U8<($T8-$AR$32)/$AQ$32,FALSE) -> FALSE | Y8: =IF($T8<$AR$5,$U8>($T8-$AR$33)/$AQ$33,FALSE) -> FALSE | Z8: =IF($Y8,דלק!$C5,"") | AA8: 30 | AB8: =IF($AB$5+דלק!$C5>takoffweight+1,takoffweight,$AB$5+דלק!$C5) -> 2729.602 | AC8: =IF($AB$5+דלק!$C5>takoffweight+1,INDIRECT(ADDRESS(ROW()-1,COLUMN())),($AB$5*$AC$5+דלק!$C5*דלק!$D5)/($AB$5+דלק!$C5)) -> 4495.1378 | AD8: =IF($AB$5+דלק!$C5>takoffweight,INDIRECT(ADDRESS(ROW()-1,COLUMN())),($AB$5*$AD$5+דלק!$C5*דלק!$E5)/($AB$5+דלק!$C5)) -> -5.2137188 | AH8: =OR($AC8<($AB8-$AR$34)/$AQ$34,$AC8<4250) -> FALSE | AI8: =IF(AB8<takeoffWT2,IF($AB8<$AR$5,$AC8<($AB8-$AR$32)/$AQ$32,FALSE),FALSE) -> FALSE | AJ8: =IF($AB8<$AR$5,$AC8>($AB8-$AR$33)/$AQ$33,FALSE) -> FALSE | AL8: =OR($AD8>$AQ$17,AND($AB8>$AR$16,$AD8>$AQ$16)) -> FALSE | AM8: =OR($AD8<$AQ$20,AND($AB8>$AR$16,$AD8<$AQ$21)) -> FALSE | AN8: =IF(OR(AL8:AM8),דלק!C5,"") | AQ8: 4347 | AR8: 2400 | AT8: 4347 | AU8: 2400 | BA8: 25 | BB8: 5 | BD8: AFT2 | BH8: 2250 | BI8: 950
K9: =IF('משקל מערכות'!$B6=0,"",'משקל מערכות'!C6) -> Controp DSP-HD Camera | L9: =IF('משקל מערכות'!$B6=0,"",'משקל מערכות'!D6) -> 31.3 | M9: =IF('משקל מערכות'!$B6=0,"",'משקל מערכות'!E6) -> 2330 | N9: =IF('משקל מערכות'!$B6=0,"",'משקל מערכות'!F6) -> 72929 | O9: =IF('משקל מערכות'!$B6=0,"",'משקל מערכות'!G6) -> -31300 | P9: =IF('משקל מערכות'!$B6=0,"",'משקל מערכות'!H6) -> -1000 | T9: =IF($T$5+דלק!$C6>takoffweight+1,takoffweight,$T$5+דלק!$C6) -> 2739.602 | U9: =IF($T$5+דלק!$C6>takoffweight+1,INDIRECT(ADDRESS(ROW()-1,COLUMN())),($T$5*$U$5+דלק!$C6*דלק!$D6)/($T$5+דלק!$C6)) -> 4491.8193 | V9: =IF($T$5+דלק!$C6>takoffweight,INDIRECT(ADDRESS(ROW()-1,COLUMN())),($T$5*$V$5+דלק!$C6*דלק!$E6)/($T$5+דלק!$C6)) -> -5.1837373 | X9: =IF($T9<$AR$5,$U9<($T9-$AR$32)/$AQ$32,FALSE) -> FALSE | Y9: =IF($T9<$AR$5,$U9>($T9-$AR$33)/$AQ$33,FALSE) -> FALSE | Z9: =IF($Y9,דלק!$C6,"") | AA9: 40 | AB9: =IF($AB$5+דלק!$C6>takoffweight+1,takoffweight,$AB$5+דלק!$C6) -> 2739.602 | AC9: =IF($AB$5+דלק!$C6>takoffweight+1,INDIRECT(ADDRESS(ROW()-1,COLUMN())),($AB$5*$AC$5+דלק!$C6*דלק!$D6)/($AB$5+דלק!$C6)) -> 4491.8193 | AD9: =IF($AB$5+דלק!$C6>takoffweight,INDIRECT(ADDRESS(ROW()-1,COLUMN())),($AB$5*$AD$5+דלק!$C6*דלק!$E6)/($AB$5+דלק!$C6)) -> -5.1837373 | AH9: =OR($AC9<($AB9-$AR$34)/$AQ$34,$AC9<4250) -> FALSE | AI9: =IF(AB9<takeoffWT2,IF($AB9<$AR$5,$AC9<($AB9-$AR$32)/$AQ$32,FALSE),FALSE) -> FALSE | AJ9: =IF($AB9<$AR$5,$AC9>($AB9-$AR$33)/$AQ$33,FALSE) -> FALSE | AL9: =OR($AD9>$AQ$17,AND($AB9>$AR$16,$AD9>$AQ$16)) -> FALSE | AM9: =OR($AD9<$AQ$20,AND($AB9>$AR$16,$AD9<$AQ$21)) -> FALSE | AN9: =IF(OR(AL9:AM9),דלק!C6,"") | AQ9: =AQ5 -> 4380 | AR9: =AR5 -> 3700 | AT9: =AT5 -> 4380 | AU9: =AU5 -> 3700 | BA9: 30 | BB9: 6 | BH9: 2300 | BI9: 900
C10: CREW | K10: =IF('משקל מערכות'!$B7=0,"",'משקל מערכות'!C7) | L10: =IF('משקל מערכות'!$B7=0,"",'משקל מערכות'!D7) | M10: =IF('משקל מערכות'!$B7=0,"",'משקל מערכות'!E7) | N10: =IF('משקל מערכות'!$B7=0,"",'משקל מערכות'!F7) | O10: =IF('משקל מערכות'!$B7=0,"",'משקל מערכות'!G7) | P10: =IF('משקל מערכות'!$B7=0,"",'משקל מערכות'!H7) | T10: =IF($T$5+דלק!$C7>takoffweight+1,takoffweight,$T$5+דלק!$C7) -> 2749.602 | U10: =IF($T$5+דלק!$C7>takoffweight+1,INDIRECT(ADDRESS(ROW()-1,COLUMN())),($T$5*$U$5+דלק!$C7*דלק!$D7)/($T$5+דלק!$C7)) -> 4488.5213 | V10: =IF($T$5+דלק!$C7>takoffweight,INDIRECT(ADDRESS(ROW()-1,COLUMN())),($T$5*$V$5+דלק!$C7*דלק!$E7)/($T$5+דלק!$C7)) -> -5.1576109 | X10: =IF($T10<$AR$5,$U10<($T10-$AR$32)/$AQ$32,FALSE) -> FALSE | Y10: =IF($T10<$AR$5,$U10>($T10-$AR$33)/$AQ$33,FALSE) -> FALSE | Z10: =IF($Y10,דלק!$C7,"") | AA10: 50 | AB10: =IF($AB$5+דלק!$C7>takoffweight+1,takoffweight,$AB$5+דלק!$C7) -> 2749.602 | AC10: =IF($AB$5+דלק!$C7>takoffweight+1,INDIRECT(ADDRESS(ROW()-1,COLUMN())),($AB$5*$AC$5+דלק!$C7*דלק!$D7)/($AB$5+דלק!$C7)) -> 4488.5213 | AD10: =IF($AB$5+דלק!$C7>takoffweight,INDIRECT(ADDRESS(ROW()-1,COLUMN())),($AB$5*$AD$5+דלק!$C7*דלק!$E7)/($AB$5+דלק!$C7)) -> -5.1576109 | AH10: =OR($AC10<($AB10-$AR$34)/$AQ$34,$AC10<4250) -> FALSE | AI10: =IF(AB10<takeoffWT2,IF($AB10<$AR$5,$AC10<($AB10-$AR$32)/$AQ$32,FALSE),FALSE) -> FALSE | AJ10: =IF($AB10<$AR$5,$AC10>($AB10-$AR$33)/$AQ$33,FALSE) -> FALSE | AL10: =OR($AD10>$AQ$17,AND($AB10>$AR$16,$AD10>$AQ$16)) -> FALSE | AM10: =OR($AD10<$AQ$20,AND($AB10>$AR$16,$AD10<$AQ$21)) -> FALSE | AN10: =IF(OR(AL10:AM10),דלק!C7,"") | BA10: 35 | BB10: 7 | BH10: 2350 | BI10: 850
C11: ציוד | D11: משקל | E11: LONG ARM | F11: מומנט אורכי | G11: מומנט רוחבי | H11: LAT ARM | K11: =IF('משקל מערכות'!$B8=0,"",'משקל מערכות'!C8) -> Controp Hand Controller | L11: =IF('משקל מערכות'!$B8=0,"",'משקל מערכות'!D8) -> 0.68 | M11: =IF('משקל מערכות'!$B8=0,"",'משקל מערכות'!E8) -> 2460 | N11: =IF('משקל מערכות'!$B8=0,"",'משקל מערכות'!F8) -> 1672.8 | O11: =IF('משקל מערכות'!$B8=0,"",'משקל מערכות'!G8) -> 0 | P11: =IF('משקל מערכות'!$B8=0,"",'משקל מערכות'!H8) -> 0 | T11: =IF($T$5+דלק!$C8>takoffweight+1,takoffweight,$T$5+דלק!$C8) -> 2759.602 | U11: =IF($T$5+דלק!$C8>takoffweight+1,INDIRECT(ADDRESS(ROW()-1,COLUMN())),($T$5*$U$5+דלק!$C8*דלק!$D8)/($T$5+דלק!$C8)) -> 4485.211 | V11: =IF($T$5+דלק!$C8>takoffweight,INDIRECT(ADDRESS(ROW()-1,COLUMN())),($T$5*$V$5+דלק!$C8*דלק!$E8)/($T$5+דלק!$C8)) -> -5.1461686 | X11: =IF($T11<$AR$5,$U11<($T11-$AR$32)/$AQ$32,FALSE) -> FALSE | Y11: =IF($T11<$AR$5,$U11>($T11-$AR$33)/$AQ$33,FALSE) -> FALSE | Z11: =IF($Y11,דלק!$C8,"") | AA11: 60 | AB11: =IF($AB$5+דלק!$C8>takoffweight+1,takoffweight,$AB$5+דלק!$C8) -> 2759.602 | AC11: =IF($AB$5+דלק!$C8>takoffweight+1,INDIRECT(ADDRESS(ROW()-1,COLUMN())),($AB$5*$AC$5+דלק!$C8*דלק!$D8)/($AB$5+דלק!$C8)) -> 4485.211 | AD11: =IF($AB$5+דלק!$C8>takoffweight,INDIRECT(ADDRESS(ROW()-1,COLUMN())),($AB$5*$AD$5+דלק!$C8*דלק!$E8)/($AB$5+דלק!$C8)) -> -5.1461686 | AH11: =OR($AC11<($AB11-$AR$34)/$AQ$34,$AC11<4250) -> FALSE | AI11: =IF(AB11<takeoffWT2,IF($AB11<$AR$5,$AC11<($AB11-$AR$32)/$AQ$32,FALSE),FALSE) -> FALSE | AJ11: =IF($AB11<$AR$5,$AC11>($AB11-$AR$33)/$AQ$33,FALSE) -> FALSE | AL11: =OR($AD11>$AQ$17,AND($AB11>$AR$16,$AD11>$AQ$16)) -> FALSE | AM11: =OR($AD11<$AQ$20,AND($AB11>$AR$16,$AD11<$AQ$21)) -> FALSE | AN11: =IF(OR(AL11:AM11),דלק!C8,"") | BA11: 40 | BB11: 8 | BH11: 2400 | BI11: 800
C12: טייס ימין | D12: =ראשי!D24 -> 80 | E12: 2312 | F12: =D12*E12 -> 184960 | G12: =D12*H12 -> 31200 | H12: 390 | K12: =IF('משקל מערכות'!$B9=0,"",'משקל מערכות'!C9) -> Nightsun XP Search Light | L12: =IF('משקל מערכות'!$B9=0,"",'משקל מערכות'!D9) -> 26.31 | M12: =IF('משקל מערכות'!$B9=0,"",'משקל מערכות'!E9) -> 2630 | N12: =IF('משקל מערכות'!$B9=0,"",'משקל מערכות'!F9) -> 69195.3 | O12: =IF('משקל מערכות'!$B9=0,"",'משקל מערכות'!G9) -> 26310 | P12: =IF('משקל מערכות'!$B9=0,"",'משקל מערכות'!H9) -> 1000 | T12: =IF($T$5+דלק!$C9>takoffweight+1,takoffweight,$T$5+דלק!$C9) -> 2769.602 | U12: =IF($T$5+דלק!$C9>takoffweight+1,INDIRECT(ADDRESS(ROW()-1,COLUMN())),($T$5*$U$5+דלק!$C9*דלק!$D9)/($T$5+דלק!$C9)) -> 4481.9029 | V12: =IF($T$5+דלק!$C9>takoffweight,INDIRECT(ADDRESS(ROW()-1,COLUMN())),($T$5*$V$5+דלק!$C9*דלק!$E9)/($T$5+דלק!$C9)) -> -5.1275877 | X12: =IF($T12<$AR$5,$U12<($T12-$AR$32)/$AQ$32,FALSE) -> FALSE | Y12: =IF($T12<$AR$5,$U12>($T12-$AR$33)/$AQ$33,FALSE) -> FALSE | Z12: =IF($Y12,דלק!$C9,"") | AA12: 70 | AB12: =IF($AB$5+דלק!$C9>takoffweight+1,takoffweight,$AB$5+דלק!$C9) -> 2769.602 | AC12: =IF($AB$5+דלק!$C9>takoffweight+1,INDIRECT(ADDRESS(ROW()-1,COLUMN())),($AB$5*$AC$5+דלק!$C9*דלק!$D9)/($AB$5+דלק!$C9)) -> 4481.9029 | AD12: =IF($AB$5+דלק!$C9>takoffweight,INDIRECT(ADDRESS(ROW()-1,COLUMN())),($AB$5*$AD$5+דלק!$C9*דלק!$E9)/($AB$5+דלק!$C9)) -> -5.1275877 | AH12: =OR($AC12<($AB12-$AR$34)/$AQ$34,$AC12<4250) -> FALSE | AI12: =IF(AB12<takeoffWT2,IF($AB12<$AR$5,$AC12<($AB12-$AR$32)/$AQ$32,FALSE),FALSE) -> FALSE | AJ12: =IF($AB12<$AR$5,$AC12>($AB12-$AR$33)/$AQ$33,FALSE) -> FALSE | AL12: =OR($AD12>$AQ$17,AND($AB12>$AR$16,$AD12>$AQ$16)) -> FALSE | AM12: =OR($AD12<$AQ$20,AND($AB12>$AR$16,$AD12<$AQ$21)) -> FALSE | AN12: =IF(OR(AL12:AM12),דלק!C9,"") | AQ12: LAT CG ENV | AT12: מהק מינוס ---- | BA12: 45 | BB12: 9 | BH12: 2450 | BI12: 750
C13: טייס שמאל | D13: =ראשי!H24 -> 80 | E13: 2312 | F13: =D13*E13 -> 184960 | G13: =D13*H13 -> -31200 | H13: -390 | K13: =IF('משקל מערכות'!$B10=0,"",'משקל מערכות'!C10) -> Nightsun Hand Controller | L13: =IF('משקל מערכות'!$B10=0,"",'משקל מערכות'!D10) -> 0.68 | M13: =IF('משקל מערכות'!$B10=0,"",'משקל מערכות'!E10) -> 2790 | N13: =IF('משקל מערכות'!$B10=0,"",'משקל מערכות'!F10) -> 1897.2 | O13: =IF('משקל מערכות'!$B10=0,"",'משקל מערכות'!G10) -> -95.2 | P13: =IF('משקל מערכות'!$B10=0,"",'משקל מערכות'!H10) -> -140 | T13: =IF($T$5+דלק!$C10>takoffweight+1,takoffweight,$T$5+דלק!$C10) -> 2779.602 | U13: =IF($T$5+דלק!$C10>takoffweight+1,INDIRECT(ADDRESS(ROW()-1,COLUMN())),($T$5*$U$5+דלק!$C10*דלק!$D10)/($T$5+דלק!$C10)) -> 4478.597 | V13: =IF($T$5+דלק!$C10>takoffweight,INDIRECT(ADDRESS(ROW()-1,COLUMN())),($T$5*$V$5+דלק!$C10*דלק!$E10)/($T$5+דלק!$C10)) -> -5.1091405 | X13: =IF($T13<$AR$5,$U13<($T13-$AR$32)/$AQ$32,FALSE) -> FALSE | Y13: =IF($T13<$AR$5,$U13>($T13-$AR$33)/$AQ$33,FALSE) -> FALSE | Z13: =IF($Y13,דלק!$C10,"") | AA13: 80 | AB13: =IF($AB$5+דלק!$C10>takoffweight+1,takoffweight,$AB$5+דלק!$C10) -> 2779.602 | AC13: =IF($AB$5+דלק!$C10>takoffweight+1,INDIRECT(ADDRESS(ROW()-1,COLUMN())),($AB$5*$AC$5+דלק!$C10*דלק!$D10)/($AB$5+דלק!$C10)) -> 4478.597 | AD13: =IF($AB$5+דלק!$C10>takoffweight,INDIRECT(ADDRESS(ROW()-1,COLUMN())),($AB$5*$AD$5+דלק!$C10*דלק!$E10)/($AB$5+דלק!$C10)) -> -5.1091405 | AH13: =OR($AC13<($AB13-$AR$34)/$AQ$34,$AC13<4250) -> FALSE | AI13: =IF(AB13<takeoffWT2,IF($AB13<$AR$5,$AC13<($AB13-$AR$32)/$AQ$32,FALSE),FALSE) -> FALSE | AJ13: =IF($AB13<$AR$5,$AC13>($AB13-$AR$33)/$AQ$33,FALSE) -> FALSE | AL13: =OR($AD13>$AQ$17,AND($AB13>$AR$16,$AD13>$AQ$16)) -> FALSE | AM13: =OR($AD13<$AQ$20,AND($AB13>$AR$16,$AD13<$AQ$21)) -> FALSE | AN13: =IF(OR(AL13:AM13),דלק!C10,"") | AQ13: מומנט | AR13: משקל | AT13: =CARGO!F23 -> 4380 | AU13: =MAXGROSS -> 3700 | AW13: =IF(MAXGROSS=3600,CARGO!G23,AR5) -> 3700 | BA13: 50 | BB13: 10 | BH13: 2500 | BI13: 700
K14: =IF('משקל מערכות'!$B11=0,"",'משקל מערכות'!C11) -> PA Speakers | L14: =IF('משקל מערכות'!$B11=0,"",'משקל מערכות'!D11) -> 13.52 | M14: =IF('משקל מערכות'!$B11=0,"",'משקל מערכות'!E11) -> 5810 | N14: =IF('משקל מערכות'!$B11=0,"",'משקל מערכות'!F11) -> 78551.2 | O14: =IF('משקל מערכות'!$B11=0,"",'משקל מערכות'!G11) -> -13520 | P14: =IF('משקל מערכות'!$B11=0,"",'משקל מערכות'!H11) -> -1000 | T14: =IF($T$5+דלק!$C11>takoffweight+1,takoffweight,$T$5+דלק!$C11) -> 2789.602 | U14: =IF($T$5+דלק!$C11>takoffweight+1,INDIRECT(ADDRESS(ROW()-1,COLUMN())),($T$5*$U$5+דלק!$C11*דלק!$D11)/($T$5+דלק!$C11)) -> 4475.3256 | V14: =IF($T$5+דלק!$C11>takoffweight,INDIRECT(ADDRESS(ROW()-1,COLUMN())),($T$5*$V$5+דלק!$C11*דלק!$E11)/($T$5+דלק!$C11)) -> -5.0800714 | X14: =IF($T14<$AR$5,$U14<($T14-$AR$32)/$AQ$32,FALSE) -> FALSE | Y14: =IF($T14<$AR$5,$U14>($T14-$AR$33)/$AQ$33,FALSE) -> FALSE | Z14: =IF($Y14,דלק!$C11,"") | AA14: 90 | AB14: =IF($AB$5+דלק!$C11>takoffweight+1,takoffweight,$AB$5+דלק!$C11) -> 2789.602 | AC14: =IF($AB$5+דלק!$C11>takoffweight+1,INDIRECT(ADDRESS(ROW()-1,COLUMN())),($AB$5*$AC$5+דלק!$C11*דלק!$D11)/($AB$5+דלק!$C11)) -> 4475.3256 | AD14: =IF($AB$5+דלק!$C11>takoffweight,INDIRECT(ADDRESS(ROW()-1,COLUMN())),($AB$5*$AD$5+דלק!$C11*דלק!$E11)/($AB$5+דלק!$C11)) -> -5.0800714 | AH14: =OR($AC14<($AB14-$AR$34)/$AQ$34,$AC14<4250) -> FALSE | AI14: =IF(AB14<takeoffWT2,IF($AB14<$AR$5,$AC14<($AB14-$AR$32)/$AQ$32,FALSE),FALSE) -> FALSE | AJ14: =IF($AB14<$AR$5,$AC14>($AB14-$AR$33)/$AQ$33,FALSE) -> FALSE | AL14: =OR($AD14>$AQ$17,AND($AB14>$AR$16,$AD14>$AQ$16)) -> FALSE | AM14: =OR($AD14<$AQ$20,AND($AB14>$AR$16,$AD14<$AQ$21)) -> FALSE | AN14: =IF(OR(AL14:AM14),דלק!C11,"") | AQ14: -80 | AR14: =MAXGROSS -> 3700 | AT14: =CARGO!F24 -> 4535 | AU14: =MAXGROSS -> 3700 | BA14: 55 | BB14: 11 | BH14: 2550 | BI14: 650
C15: PASSENGER AND CARGO WEIGHT | K15: =IF('משקל מערכות'!$B12=0,"",'משקל מערכות'!C12) | L15: =IF('משקל מערכות'!$B12=0,"",'משקל מערכות'!D12) | M15: =IF('משקל מערכות'!$B12=0,"",'משקל מערכות'!E12) | N15: =IF('משקל מערכות'!$B12=0,"",'משקל מערכות'!F12) | O15: =IF('משקל מערכות'!$B12=0,"",'משקל מערכות'!G12) | P15: =IF('משקל מערכות'!$B12=0,"",'משקל מערכות'!H12) | T15: =IF($T$5+דלק!$C12>takoffweight+1,takoffweight,$T$5+דלק!$C12) -> 2799.602 | U15: =IF($T$5+דלק!$C12>takoffweight+1,INDIRECT(ADDRESS(ROW()-1,COLUMN())),($T$5*$U$5+דלק!$C12*דלק!$D12)/($T$5+דלק!$C12)) -> 4472.0633 | V15: =IF($T$5+דלק!$C12>takoffweight,INDIRECT(ADDRESS(ROW()-1,COLUMN())),($T$5*$V$5+דלק!$C12*דלק!$E12)/($T$5+דלק!$C12)) -> -5.0654976 | X15: =IF($T15<$AR$5,$U15<($T15-$AR$32)/$AQ$32,FALSE) -> FALSE | Y15: =IF($T15<$AR$5,$U15>($T15-$AR$33)/$AQ$33,FALSE) -> FALSE | Z15: =IF($Y15,דלק!$C12,"") | AA15: 100 | AB15: =IF($AB$5+דלק!$C12>takoffweight+1,takoffweight,$AB$5+דלק!$C12) -> 2799.602 | AC15: =IF($AB$5+דלק!$C12>takoffweight+1,INDIRECT(ADDRESS(ROW()-1,COLUMN())),($AB$5*$AC$5+דלק!$C12*דלק!$D12)/($AB$5+דלק!$C12)) -> 4472.0633 | AD15: =IF($AB$5+דלק!$C12>takoffweight,INDIRECT(ADDRESS(ROW()-1,COLUMN())),($AB$5*$AD$5+דלק!$C12*דלק!$E12)/($AB$5+דלק!$C12)) -> -5.0654976 | AF15: =IF($AH15,דלק!$C12,"") | AG15: =IF($AI15,דלק!$C12,"") | AH15: =OR($AC15<($AB15-$AR$34)/$AQ$34,$AC15<4250) -> FALSE | AI15: =IF(AB15<takeoffWT2,IF($AB15<$AR$5,$AC15<($AB15-$AR$32)/$AQ$32,FALSE),FALSE) -> FALSE | AJ15: =IF($AB15<$AR$5,$AC15>($AB15-$AR$33)/$AQ$33,FALSE) -> FALSE | AL15: =OR($AD15>$AQ$17,AND($AB15>$AR$16,$AD15>$AQ$16)) -> FALSE | AM15: =OR($AD15<$AQ$20,AND($AB15>$AR$16,$AD15<$AQ$21)) -> FALSE | AN15: =IF(OR(AL15:AM15),דלק!C12,"") | AQ15: 80 | AR15: =MAXGROSS -> 3700 | BA15: 60 | BB15: 12 | BH15: 2600 | BI15: 600
C16: כסא | D16: משקל | E16: LONG ARM | F16: מומנט אורכי | G16: מומנט רוחבי | H16: LAT ARM | I16: קוד תצורה | K16: =IF('משקל מערכות'!$B13=0,"",'משקל מערכות'!C13) | L16: =IF('משקל מערכות'!$B13=0,"",'משקל מערכות'!D13) | M16: =IF('משקל מערכות'!$B13=0,"",'משקל מערכות'!E13) | N16: =IF('משקל מערכות'!$B13=0,"",'משקל מערכות'!F13) | O16: =IF('משקל מערכות'!$B13=0,"",'משקל מערכות'!G13) | P16: =IF('משקל מערכות'!$B13=0,"",'משקל מערכות'!H13) | T16: =IF($T$5+דלק!$C13>takoffweight+1,takoffweight,$T$5+דלק!$C13) -> 2809.602 | U16: =IF($T$5+דלק!$C13>takoffweight+1,INDIRECT(ADDRESS(ROW()-1,COLUMN())),($T$5*$U$5+דלק!$C13*דלק!$D13)/($T$5+דלק!$C13)) -> 4468.8491 | V16: =IF($T$5+דלק!$C13>takoffweight,INDIRECT(ADDRESS(ROW()-1,COLUMN())),($T$5*$V$5+דלק!$C13*דלק!$E13)/($T$5+דלק!$C13)) -> -5.0652645 | X16: =IF($T16<$AR$5,$U16<($T16-$AR$32)/$AQ$32,FALSE) -> FALSE | Y16: =IF($T16<$AR$5,$U16>($T16-$AR$33)/$AQ$33,FALSE) -> FALSE | Z16: =IF($Y16,דלק!$C13,"") | AA16: 110 | AB16: =IF($AB$5+דלק!$C13>takoffweight+1,takoffweight,$AB$5+דלק!$C13) -> 2809.602 | AC16: =IF($AB$5+דלק!$C13>takoffweight+1,INDIRECT(ADDRESS(ROW()-1,COLUMN())),($AB$5*$AC$5+דלק!$C13*דלק!$D13)/($AB$5+דלק!$C13)) -> 4468.8491 | AD16: =IF($AB$5+דלק!$C13>takoffweight,INDIRECT(ADDRESS(ROW()-1,COLUMN())),($AB$5*$AD$5+דלק!$C13*דלק!$E13)/($AB$5+דלק!$C13)) -> -5.0652645 | AF16: =IF($AH16,דלק!$C13,"") | AG16: =IF($AI16,דלק!$C13,"") | AH16: =OR($AC16<($AB16-$AR$34)/$AQ$34,$AC16<4250) -> FALSE | AI16: =IF(AB16<takeoffWT2,IF($AB16<$AR$5,$AC16<($AB16-$AR$32)/$AQ$32,FALSE),FALSE) -> FALSE | AJ16: =IF($AB16<$AR$5,$AC16>($AB16-$AR$33)/$AQ$33,FALSE) -> FALSE | AL16: =OR($AD16>$AQ$17,AND($AB16>$AR$16,$AD16>$AQ$16)) -> FALSE | AM16: =OR($AD16<$AQ$20,AND($AB16>$AR$16,$AD16<$AQ$21)) -> FALSE | AN16: =IF(OR(AL16:AM16),דלק!C13,"") | AQ16: 80 | AR16: 3000 | AT16: EXTENDED ENV | BA16: 65 | BB16: 13 | BH16: 2650 | BI16: 550
C17: 1 | D17: =IF(E17="","",ראשי!H27) -> 0 | E17: =IFERROR(INDEX($E$40:$H$51,MATCH($C17,$I$40:$I$51,0),1),"") -> 3265 | F17: =IF(E17<>"",D17*E17,"") -> 0 | G17: =IF(E17<>"",D17*H17,"") -> 0 | H17: =IFERROR(INDEX($E$40:$H$51,MATCH($C17,$I$40:$I$51,0),4),"") -> -550 | K17: =IF('משקל מערכות'!$B14=0,"",'משקל מערכות'!C14) -> CARGO HOOK DOUBLE DET PROVISIONS | L17: =IF('משקל מערכות'!$B14=0,"",'משקל מערכות'!D14) -> 29.77 | M17: =IF('משקל מערכות'!$B14=0,"",'משקל מערכות'!E14) -> 4121 | N17: =IF('משקל מערכות'!$B14=0,"",'משקל מערכות'!F14) -> 122682.17 | O17: =IF('משקל מערכות'!$B14=0,"",'משקל מערכות'!G14) -> 0 | P17: =IF('משקל מערכות'!$B14=0,"",'משקל מערכות'!H14) -> 0 | T17: =IF($T$5+דלק!$C14>takoffweight+1,takoffweight,$T$5+דלק!$C14) -> 2819.602 | U17: =IF($T$5+דלק!$C14>takoffweight+1,INDIRECT(ADDRESS(ROW()-1,COLUMN())),($T$5*$U$5+דלק!$C14*דלק!$D14)/($T$5+דלק!$C14)) -> 4465.608 | V17: =IF($T$5+דלק!$C14>takoffweight,INDIRECT(ADDRESS(ROW()-1,COLUMN())),($T$5*$V$5+דלק!$C14*דלק!$E14)/($T$5+דלק!$C14)) -> -5.0366602 | X17: =IF($T17<$AR$5,$U17<($T17-$AR$32)/$AQ$32,FALSE) -> FALSE | Y17: =IF($T17<$AR$5,$U17>($T17-$AR$33)/$AQ$33,FALSE) -> FALSE | Z17: =IF($Y17,דלק!$C14,"") | AA17: 120 | AB17: =IF($AB$5+דלק!$C14>takoffweight+1,takoffweight,$AB$5+דלק!$C14) -> 2819.602 | AC17: =IF($AB$5+דלק!$C14>takoffweight+1,INDIRECT(ADDRESS(ROW()-1,COLUMN())),($AB$5*$AC$5+דלק!$C14*דלק!$D14)/($AB$5+דלק!$C14)) -> 4465.608 | AD17: =IF($AB$5+דלק!$C14>takoffweight,INDIRECT(ADDRESS(ROW()-1,COLUMN())),($AB$5*$AD$5+דלק!$C14*דלק!$E14)/($AB$5+דלק!$C14)) -> -5.0366602 | AF17: =IF($AH17,דלק!$C14,"") | AG17: =IF($AI17,דלק!$C14,"") | AH17: =OR($AC17<($AB17-$AR$34)/$AQ$34,$AC17<4250) -> FALSE | AI17: =IF(AB17<takeoffWT2,IF($AB17<$AR$5,$AC17<($AB17-$AR$32)/$AQ$32,FALSE),FALSE) -> FALSE | AJ17: =IF($AB17<$AR$5,$AC17>($AB17-$AR$33)/$AQ$33,FALSE) -> FALSE | AL17: =OR($AD17>$AQ$17,AND($AB17>$AR$16,$AD17>$AQ$16)) -> FALSE | AM17: =OR($AD17<$AQ$20,AND($AB17>$AR$16,$AD17<$AQ$21)) -> FALSE | AN17: =IF(OR(AL17:AM17),דלק!C14,"") | AQ17: 100 | AR17: 3000 | AT17: מומנט | AU17: משקל | BA17: 70 | BB17: 14 | BH17: 2700 | BI17: 500
C18: 2 | D18: =IF(E18="","",ראשי!F27) | E18: =IFERROR(INDEX($E$40:$H$51,MATCH($C18,$I$40:$I$51,0),1),"") | F18: =IF(E18<>"",D18*E18,"") | G18: =IF(E18<>"",D18*H18,"") | H18: =IFERROR(INDEX($E$40:$H$51,MATCH($C18,$I$40:$I$51,0),4),"") | K18: =IF('משקל מערכות'!$B15=0,"",'משקל מערכות'!C15) | L18: =IF('משקל מערכות'!$B15=0,"",'משקל מערכות'!D15) | M18: =IF('משקל מערכות'!$B15=0,"",'משקל מערכות'!E15) | N18: =IF('משקל מערכות'!$B15=0,"",'משקל מערכות'!F15) | O18: =IF('משקל מערכות'!$B15=0,"",'משקל מערכות'!G15) | P18: =IF('משקל מערכות'!$B15=0,"",'משקל מערכות'!H15) | T18: =IF($T$5+דלק!$C15>takoffweight+1,takoffweight,$T$5+דלק!$C15) -> 2829.602 | U18: =IF($T$5+דלק!$C15>takoffweight+1,INDIRECT(ADDRESS(ROW()-1,COLUMN())),($T$5*$U$5+דלק!$C15*דלק!$D15)/($T$5+דלק!$C15)) -> 4462.4217 | V18: =IF($T$5+דלק!$C15>takoffweight,INDIRECT(ADDRESS(ROW()-1,COLUMN())),($T$5*$V$5+דלק!$C15*דלק!$E15)/($T$5+דלק!$C15)) -> -5.0153263 | X18: =IF($T18<$AR$5,$U18<($T18-$AR$32)/$AQ$32,FALSE) -> FALSE | Y18: =IF($T18<$AR$5,$U18>($T18-$AR$33)/$AQ$33,FALSE) -> FALSE | Z18: =IF($Y18,דלק!$C15,"") | AA18: 130 | AB18: =IF($AB$5+דלק!$C15>takoffweight+1,takoffweight,$AB$5+דלק!$C15) -> 2829.602 | AC18: =IF($AB$5+דלק!$C15>takoffweight+1,INDIRECT(ADDRESS(ROW()-1,COLUMN())),($AB$5*$AC$5+דלק!$C15*דלק!$D15)/($AB$5+דלק!$C15)) -> 4462.4217 | AD18: =IF($AB$5+דלק!$C15>takoffweight,INDIRECT(ADDRESS(ROW()-1,COLUMN())),($AB$5*$AD$5+דלק!$C15*דלק!$E15)/($AB$5+דלק!$C15)) -> -5.0153263 | AF18: =IF($AH18,דלק!$C15,"") | AG18: =IF($AI18,דלק!$C15,"") | AH18: =OR($AC18<($AB18-$AR$34)/$AQ$34,$AC18<4250) -> FALSE | AI18: =IF(AB18<takeoffWT2,IF($AB18<$AR$5,$AC18<($AB18-$AR$32)/$AQ$32,FALSE),FALSE) -> FALSE | AJ18: =IF($AB18<$AR$5,$AC18>($AB18-$AR$33)/$AQ$33,FALSE) -> FALSE | AL18: =OR($AD18>$AQ$17,AND($AB18>$AR$16,$AD18>$AQ$16)) -> FALSE | AM18: =OR($AD18<$AQ$20,AND($AB18>$AR$16,$AD18<$AQ$21)) -> FALSE | AN18: =IF(OR(AL18:AM18),דלק!C15,"") | AQ18: 100 | AR18: 2000 | AT18: 4250 | AU18: 3000 | BA18: 75 | BB18: 15 | BH18: 2750 | BI18: 450
C19: 3 | D19: =IF(E19="","",ראשי!D27) -> 0 | E19: =IFERROR(INDEX($E$40:$H$51,MATCH($C19,$I$40:$I$51,0),1),"") -> 3265 | F19: =IF(E19<>"",D19*E19,"") -> 0 | G19: =IF(E19<>"",D19*H19,"") -> 0 | H19: =IFERROR(INDEX($E$40:$H$51,MATCH($C19,$I$40:$I$51,0),4),"") -> 550 | K19: =IF('משקל מערכות'!$B16=0,"",'משקל מערכות'!C16) | L19: =IF('משקל מערכות'!$B16=0,"",'משקל מערכות'!D16) | M19: =IF('משקל מערכות'!$B16=0,"",'משקל מערכות'!E16) | N19: =IF('משקל מערכות'!$B16=0,"",'משקל מערכות'!F16) | O19: =IF('משקל מערכות'!$B16=0,"",'משקל מערכות'!G16) | P19: =IF('משקל מערכות'!$B16=0,"",'משקל מערכות'!H16) | T19: =IF($T$5+דלק!$C16>takoffweight+1,takoffweight,$T$5+דלק!$C16) -> 2839.602 | U19: =IF($T$5+דלק!$C16>takoffweight+1,INDIRECT(ADDRESS(ROW()-1,COLUMN())),($T$5*$U$5+דלק!$C16*דלק!$D16)/($T$5+דלק!$C16)) -> 4461.7652 | V19: =IF($T$5+דלק!$C16>takoffweight,INDIRECT(ADDRESS(ROW()-1,COLUMN())),($T$5*$V$5+דלק!$C16*דלק!$E16)/($T$5+דלק!$C16)) -> -5.0011858 | X19: =IF($T19<$AR$5,$U19<($T19-$AR$32)/$AQ$32,FALSE) -> FALSE | Y19: =IF($T19<$AR$5,$U19>($T19-$AR$33)/$AQ$33,FALSE) -> FALSE | Z19: =IF($Y19,דלק!$C16,"") | AA19: 140 | AB19: =IF($AB$5+דלק!$C16>takoffweight+1,takoffweight,$AB$5+דלק!$C16) -> 2839.602 | AC19: =IF($AB$5+דלק!$C16>takoffweight+1,INDIRECT(ADDRESS(ROW()-1,COLUMN())),($AB$5*$AC$5+דלק!$C16*דלק!$D16)/($AB$5+דלק!$C16)) -> 4461.7652 | AD19: =IF($AB$5+דלק!$C16>takoffweight,INDIRECT(ADDRESS(ROW()-1,COLUMN())),($AB$5*$AD$5+דלק!$C16*דלק!$E16)/($AB$5+דלק!$C16)) -> -5.0011858 | AF19: =IF($AH19,דלק!$C16,"") | AG19: =IF($AI19,דלק!$C16,"") | AH19: =OR($AC19<($AB19-$AR$34)/$AQ$34,$AC19<4250) -> FALSE | AI19: =IF(AB19<takeoffWT2,IF($AB19<$AR$5,$AC19<($AB19-$AR$32)/$AQ$32,FALSE),FALSE) -> FALSE | AJ19: =IF($AB19<$AR$5,$AC19>($AB19-$AR$33)/$AQ$33,FALSE) -> FALSE | AL19: =OR($AD19>$AQ$17,AND($AB19>$AR$16,$AD19>$AQ$16)) -> FALSE | AM19: =OR($AD19<$AQ$20,AND($AB19>$AR$16,$AD19<$AQ$21)) -> FALSE | AN19: =IF(OR(AL19:AM19),דלק!C16,"") | AQ19: -100 | AR19: 2000 | AT19: 4250 | AU19: 3700 | BA19: 80 | BB19: 16 | BH19: 2800 | BI19: 400
C20: 4 | D20: =IF(E20="","",ראשי!H29) -> 0 | E20: =IFERROR(INDEX($E$40:$H$51,MATCH($C20,$I$40:$I$51,0),1),"") -> 4400 | F20: =IF(E20<>"",D20*E20,"") -> 0 | G20: =IF(E20<>"",D20*H20,"") -> 0 | H20: =IFERROR(INDEX($E$40:$H$51,MATCH($C20,$I$40:$I$51,0),4),"") -> -369 | T20: =IF($T$5+דלק!$C17>takoffweight+1,takoffweight,$T$5+דלק!$C17) -> 2849.602 | U20: =IF($T$5+דלק!$C17>takoffweight+1,INDIRECT(ADDRESS(ROW()-1,COLUMN())),($T$5*$U$5+דלק!$C17*דלק!$D17)/($T$5+דלק!$C17)) -> 4461.8327 | V20: =IF($T$5+דלק!$C17>takoffweight,INDIRECT(ADDRESS(ROW()-1,COLUMN())),($T$5*$V$5+דלק!$C17*דלק!$E17)/($T$5+דלק!$C17)) -> -4.9941631 | X20: =IF($T20<$AR$5,$U20<($T20-$AR$32)/$AQ$32,FALSE) -> FALSE | Y20: =IF($T20<$AR$5,$U20>($T20-$AR$33)/$AQ$33,FALSE) -> FALSE | Z20: =IF($Y20,דלק!$C17,"") | AA20: 150 | AB20: =IF($AB$5+דלק!$C17>takoffweight+1,takoffweight,$AB$5+דלק!$C17) -> 2849.602 | AC20: =IF($AB$5+דלק!$C17>takoffweight+1,INDIRECT(ADDRESS(ROW()-1,COLUMN())),($AB$5*$AC$5+דלק!$C17*דלק!$D17)/($AB$5+דלק!$C17)) -> 4461.8327 | AD20: =IF($AB$5+דלק!$C17>takoffweight,INDIRECT(ADDRESS(ROW()-1,COLUMN())),($AB$5*$AD$5+דלק!$C17*דלק!$E17)/($AB$5+דלק!$C17)) -> -4.9941631 | AF20: =IF($AH20,דלק!$C17,"") | AG20: =IF($AI20,דלק!$C17,"") | AH20: =OR($AC20<($AB20-$AR$34)/$AQ$34,$AC20<4250) -> FALSE | AI20: =IF(AB20<takeoffWT2,IF($AB20<$AR$5,$AC20<($AB20-$AR$32)/$AQ$32,FALSE),FALSE) -> FALSE | AJ20: =IF($AB20<$AR$5,$AC20>($AB20-$AR$33)/$AQ$33,FALSE) -> FALSE | AL20: =OR($AD20>$AQ$17,AND($AB20>$AR$16,$AD20>$AQ$16)) -> FALSE | AM20: =OR($AD20<$AQ$20,AND($AB20>$AR$16,$AD20<$AQ$21)) -> FALSE | AN20: =IF(OR(AL20:AM20),דלק!C17,"") | AQ20: -100 | AR20: 3000 | AT20: 4380 | AU20: 3700 | BA20: 85 | BB20: 17 | BH20: 2850 | BI20: 350
C21: 5 | D21: =IF(E21="","",ראשי!F29) | E21: =IFERROR(INDEX($E$40:$H$51,MATCH($C21,$I$40:$I$51,0),1),"") | F21: =IF(E21<>"",D21*E21,"") | G21: =IF(E21<>"",D21*H21,"") | H21: =IFERROR(INDEX($E$40:$H$51,MATCH($C21,$I$40:$I$51,0),4),"") | K21: EXTERNAL LOAD | T21: =IF($T$5+דלק!$C18>takoffweight+1,takoffweight,$T$5+דלק!$C18) -> 2859.602 | U21: =IF($T$5+דלק!$C18>takoffweight+1,INDIRECT(ADDRESS(ROW()-1,COLUMN())),($T$5*$U$5+דלק!$C18*דלק!$D18)/($T$5+דלק!$C18)) -> 4461.9626 | V21: =IF($T$5+דלק!$C18>takoffweight,INDIRECT(ADDRESS(ROW()-1,COLUMN())),($T$5*$V$5+דלק!$C18*דלק!$E18)/($T$5+דלק!$C18)) -> -4.9382317 | X21: =IF($T21<$AR$5,$U21<($T21-$AR$32)/$AQ$32,FALSE) -> FALSE | Y21: =IF($T21<$AR$5,$U21>($T21-$AR$33)/$AQ$33,FALSE) -> FALSE | Z21: =IF($Y21,דלק!$C18,"") | AA21: 160 | AB21: =IF($AB$5+דלק!$C18>takoffweight+1,takoffweight,$AB$5+דלק!$C18) -> 2859.602 | AC21: =IF($AB$5+דלק!$C18>takoffweight+1,INDIRECT(ADDRESS(ROW()-1,COLUMN())),($AB$5*$AC$5+דלק!$C18*דלק!$D18)/($AB$5+דלק!$C18)) -> 4461.9626 | AD21: =IF($AB$5+דלק!$C18>takoffweight,INDIRECT(ADDRESS(ROW()-1,COLUMN())),($AB$5*$AD$5+דלק!$C18*דלק!$E18)/($AB$5+דלק!$C18)) -> -4.9382317 | AF21: =IF($AH21,דלק!$C18,"") | AG21: =IF($AI21,דלק!$C18,"") | AH21: =OR($AC21<($AB21-$AR$34)/$AQ$34,$AC21<4250) -> FALSE | AI21: =IF(AB21<takeoffWT2,IF($AB21<$AR$5,$AC21<($AB21-$AR$32)/$AQ$32,FALSE),FALSE) -> FALSE | AJ21: =IF($AB21<$AR$5,$AC21>($AB21-$AR$33)/$AQ$33,FALSE) -> FALSE | AL21: =OR($AD21>$AQ$17,AND($AB21>$AR$16,$AD21>$AQ$16)) -> FALSE | AM21: =OR($AD21<$AQ$20,AND($AB21>$AR$16,$AD21<$AQ$21)) -> FALSE | AN21: =IF(OR(AL21:AM21),דלק!C18,"") | AQ21: -80 | AR21: 3000 | AT21: 4347 | AU21: 2400 | BA21: 90 | BB21: 18 | BH21: 2900 | BI21: 300
C22: 6 | D22: =IF(E22="","",ראשי!D29) -> 0 | E22: =IFERROR(INDEX($E$40:$H$51,MATCH($C22,$I$40:$I$51,0),1),"") -> 4400 | F22: =IF(E22<>"",D22*E22,"") -> 0 | G22: =IF(E22<>"",D22*H22,"") -> 0 | H22: =IFERROR(INDEX($E$40:$H$51,MATCH($C22,$I$40:$I$51,0),4),"") -> 369 | K22: ציוד | L22: משקל | M22: LONG ARM | N22: מומנט אורכי | O22: מומנט רוחבי | P22: LAT ARM | T22: =IF($T$5+דלק!$C19>takoffweight+1,takoffweight,$T$5+דלק!$C19) -> 2869.602 | U22: =IF($T$5+דלק!$C19>takoffweight+1,INDIRECT(ADDRESS(ROW()-1,COLUMN())),($T$5*$U$5+דלק!$C19*דלק!$D19)/($T$5+דלק!$C19)) -> 4462.0325 | V22: =IF($T$5+דלק!$C19>takoffweight,INDIRECT(ADDRESS(ROW()-1,COLUMN())),($T$5*$V$5+דלק!$C19*דלק!$E19)/($T$5+דלק!$C19)) -> -4.9419317 | X22: =IF($T22<$AR$5,$U22<($T22-$AR$32)/$AQ$32,FALSE) -> FALSE | Y22: =IF($T22<$AR$5,$U22>($T22-$AR$33)/$AQ$33,FALSE) -> FALSE | Z22: =IF($Y22,דלק!$C19,"") | AA22: 170 | AB22: =IF($AB$5+דלק!$C19>takoffweight+1,takoffweight,$AB$5+דלק!$C19) -> 2869.602 | AC22: =IF($AB$5+דלק!$C19>takoffweight+1,INDIRECT(ADDRESS(ROW()-1,COLUMN())),($AB$5*$AC$5+דלק!$C19*דלק!$D19)/($AB$5+דלק!$C19)) -> 4462.0325 | AD22: =IF($AB$5+דלק!$C19>takoffweight,INDIRECT(ADDRESS(ROW()-1,COLUMN())),($AB$5*$AD$5+דלק!$C19*דלק!$E19)/($AB$5+דלק!$C19)) -> -4.9419317 | AF22: =IF($AH22,דלק!$C19,"") | AG22: =IF($AI22,דלק!$C19,"") | AH22: =OR($AC22<($AB22-$AR$34)/$AQ$34,$AC22<4250) -> FALSE | AI22: =IF(AB22<takeoffWT2,IF($AB22<$AR$5,$AC22<($AB22-$AR$32)/$AQ$32,FALSE),FALSE) -> FALSE | AJ22: =IF($AB22<$AR$5,$AC22>($AB22-$AR$33)/$AQ$33,FALSE) -> FALSE | AL22: =OR($AD22>$AQ$17,AND($AB22>$AR$16,$AD22>$AQ$16)) -> FALSE | AM22: =OR($AD22<$AQ$20,AND($AB22>$AR$16,$AD22<$AQ$21)) -> FALSE | AN22: =IF(OR(AL22:AM22),דלק!C19,"") | AQ22: -80 | AR22: =MAXGROSS -> 3700 | AT22: 4250 | AU22: 3000 | BA22: 95 | BB22: 19 | BH22: 2950 | BI22: 250
C23: 7 | D23: =IF(E23="","",ראשי!H31) | E23: =IFERROR(INDEX($E$40:$H$51,MATCH($C23,$I$40:$I$51,0),1),"") | F23: =IF(E23<>"",D23*E23,"") | G23: =IF(E23<>"",D23*H23,"") | H23: =IFERROR(INDEX($E$40:$H$51,MATCH($C23,$I$40:$I$51,0),4),"") | K23: =IF('משקל מערכות'!$B17=0,"",'משקל מערכות'!C17) | L23: =IF('משקל מערכות'!$B17=0,"",'משקל מערכות'!D17) | M23: =IF('משקל מערכות'!$B17=0,"",'משקל מערכות'!E17) | N23: =IF('משקל מערכות'!$B17=0,"",'משקל מערכות'!F17) | O23: =IF('משקל מערכות'!$B17=0,"",'משקל מערכות'!G17) | P23: =IF('משקל מערכות'!$B17=0,"",'משקל מערכות'!H17) | T23: =IF($T$5+דלק!$C20>takoffweight+1,takoffweight,$T$5+דלק!$C20) -> 2879.602 | U23: =IF($T$5+דלק!$C20>takoffweight+1,INDIRECT(ADDRESS(ROW()-1,COLUMN())),($T$5*$U$5+דלק!$C20*דלק!$D20)/($T$5+דלק!$C20)) -> 4462.1574 | V23: =IF($T$5+דלק!$C20>takoffweight,INDIRECT(ADDRESS(ROW()-1,COLUMN())),($T$5*$V$5+דלק!$C20*דלק!$E20)/($T$5+דלק!$C20)) -> -4.9525515 | X23: =IF($T23<$AR$5,$U23<($T23-$AR$32)/$AQ$32,FALSE) -> FALSE | Y23: =IF($T23<$AR$5,$U23>($T23-$AR$33)/$AQ$33,FALSE) -> FALSE | Z23: =IF($Y23,דלק!$C20,"") | AA23: 180 | AB23: =IF($AB$5+דלק!$C20>takoffweight+1,takoffweight,$AB$5+דלק!$C20) -> 2879.602 | AC23: =IF($AB$5+דלק!$C20>takoffweight+1,INDIRECT(ADDRESS(ROW()-1,COLUMN())),($AB$5*$AC$5+דלק!$C20*דלק!$D20)/($AB$5+דלק!$C20)) -> 4462.1574 | AD23: =IF($AB$5+דלק!$C20>takoffweight,INDIRECT(ADDRESS(ROW()-1,COLUMN())),($AB$5*$AD$5+דלק!$C20*דלק!$E20)/($AB$5+דלק!$C20)) -> -4.9525515 | AF23: =IF($AH23,דלק!$C20,"") | AG23: =IF($AI23,דלק!$C20,"") | AH23: =OR($AC23<($AB23-$AR$34)/$AQ$34,$AC23<4250) -> FALSE | AI23: =IF(AB23<takeoffWT2,IF($AB23<$AR$5,$AC23<($AB23-$AR$32)/$AQ$32,FALSE),FALSE) -> FALSE | AJ23: =IF($AB23<$AR$5,$AC23>($AB23-$AR$33)/$AQ$33,FALSE) -> FALSE | AL23: =OR($AD23>$AQ$17,AND($AB23>$AR$16,$AD23>$AQ$16)) -> FALSE | AM23: =OR($AD23<$AQ$20,AND($AB23>$AR$16,$AD23<$AQ$21)) -> FALSE | AN23: =IF(OR(AL23:AM23),דלק!C20,"") | BA23: 100 | BB23: 20 | BH23: 3000 | BI23: 200
C24: 8 | D24: =IF(E24="","",ראשי!F31) | E24: =IFERROR(INDEX($E$40:$H$51,MATCH($C24,$I$40:$I$51,0),1),"") | F24: =IF(E24<>"",D24*E24,"") | G24: =IF(E24<>"",D24*H24,"") | H24: =IFERROR(INDEX($E$40:$H$51,MATCH($C24,$I$40:$I$51,0),4),"") | K24: =IF('משקל מערכות'!$B18=0,"",'משקל מערכות'!C18) -> WEIGHT ON HOOK | L24: =IF('משקל מערכות'!$B18=0,"",'משקל מערכות'!D18) -> 0 | M24: =IF('משקל מערכות'!$B18=0,"",'משקל מערכות'!E18) -> 4427 | N24: =IF('משקל מערכות'!$B18=0,"",'משקל מערכות'!F18) -> 0 | O24: =IF('משקל מערכות'!$B18=0,"",'משקל מערכות'!G18) -> 0 | P24: =IF('משקל מערכות'!$B18=0,"",'משקל מערכות'!H18) -> 0 | T24: =IF($T$5+דלק!$C21>takoffweight+1,takoffweight,$T$5+דלק!$C21) -> 2889.602 | U24: =IF($T$5+דלק!$C21>takoffweight+1,INDIRECT(ADDRESS(ROW()-1,COLUMN())),($T$5*$U$5+דלק!$C21*דלק!$D21)/($T$5+דלק!$C21)) -> 4462.2952 | V24: =IF($T$5+דלק!$C21>takoffweight,INDIRECT(ADDRESS(ROW()-1,COLUMN())),($T$5*$V$5+דלק!$C21*דלק!$E21)/($T$5+דלק!$C21)) -> -4.9042661 | X24: =IF($T24<$AR$5,$U24<($T24-$AR$32)/$AQ$32,FALSE) -> FALSE | Y24: =IF($T24<$AR$5,$U24>($T24-$AR$33)/$AQ$33,FALSE) -> FALSE | Z24: =IF($Y24,דלק!$C21,"") | AA24: 190 | AB24: =IF($AB$5+דלק!$C21>takoffweight+1,takoffweight,$AB$5+דלק!$C21) -> 2889.602 | AC24: =IF($AB$5+דלק!$C21>takoffweight+1,INDIRECT(ADDRESS(ROW()-1,COLUMN())),($AB$5*$AC$5+דלק!$C21*דלק!$D21)/($AB$5+דלק!$C21)) -> 4462.2952 | AD24: =IF($AB$5+דלק!$C21>takoffweight,INDIRECT(ADDRESS(ROW()-1,COLUMN())),($AB$5*$AD$5+דלק!$C21*דלק!$E21)/($AB$5+דלק!$C21)) -> -4.9042661 | AF24: =IF($AH24,דלק!$C21,"") | AG24: =IF($AI24,דלק!$C21,"") | AH24: =OR($AC24<($AB24-$AR$34)/$AQ$34,$AC24<4250) -> FALSE | AI24: =IF(AB24<takeoffWT2,IF($AB24<$AR$5,$AC24<($AB24-$AR$32)/$AQ$32,FALSE),FALSE) -> FALSE | AJ24: =IF($AB24<$AR$5,$AC24>($AB24-$AR$33)/$AQ$33,FALSE) -> FALSE | AL24: =OR($AD24>$AQ$17,AND($AB24>$AR$16,$AD24>$AQ$16)) -> FALSE | AM24: =OR($AD24<$AQ$20,AND($AB24>$AR$16,$AD24<$AQ$21)) -> FALSE | AN24: =IF(OR(AL24:AM24),דלק!C21,"") | BA24: 105 | BB24: 21 | BH24: 3050 | BI24: 150
C25: 9 | D25: =IF(E25="","",ראשי!D31) | E25: =IFERROR(INDEX($E$40:$H$51,MATCH($C25,$I$40:$I$51,0),1),"") | F25: =IF(E25<>"",D25*E25,"") | G25: =IF(E25<>"",D25*H25,"") | H25: =IFERROR(INDEX($E$40:$H$51,MATCH($C25,$I$40:$I$51,0),4),"") | K25: =IF('משקל מערכות'!$B19=0,"",'משקל מערכות'!C19) | L25: =IF('משקל מערכות'!$B19=0,"",'משקל מערכות'!D19) | M25: =IF('משקל מערכות'!$B19=0,"",'משקל מערכות'!E19) | N25: =IF('משקל מערכות'!$B19=0,"",'משקל מערכות'!F19) | O25: =IF('משקל מערכות'!$B19=0,"",'משקל מערכות'!G19) | P25: =IF('משקל מערכות'!$B19=0,"",'משקל מערכות'!H19) | T25: =IF($T$5+דלק!$C22>takoffweight+1,takoffweight,$T$5+דלק!$C22) -> 2899.602 | U25: =IF($T$5+דלק!$C22>takoffweight+1,INDIRECT(ADDRESS(ROW()-1,COLUMN())),($T$5*$U$5+דלק!$C22*דלק!$D22)/($T$5+דלק!$C22)) -> 4462.4736 | V25: =IF($T$5+דלק!$C22>takoffweight,INDIRECT(ADDRESS(ROW()-1,COLUMN())),($T$5*$V$5+דלק!$C22*דלק!$E22)/($T$5+דלק!$C22)) -> -4.8563138 | X25: =IF($T25<$AR$5,$U25<($T25-$AR$32)/$AQ$32,FALSE) -> FALSE | Y25: =IF($T25<$AR$5,$U25>($T25-$AR$33)/$AQ$33,FALSE) -> FALSE | Z25: =IF($Y25,דלק!$C22,"") | AA25: 200 | AB25: =IF($AB$5+דלק!$C22>takoffweight+1,takoffweight,$AB$5+דלק!$C22) -> 2899.602 | AC25: =IF($AB$5+דלק!$C22>takoffweight+1,INDIRECT(ADDRESS(ROW()-1,COLUMN())),($AB$5*$AC$5+דלק!$C22*דלק!$D22)/($AB$5+דלק!$C22)) -> 4462.4736 | AD25: =IF($AB$5+דלק!$C22>takoffweight,INDIRECT(ADDRESS(ROW()-1,COLUMN())),($AB$5*$AD$5+דלק!$C22*דלק!$E22)/($AB$5+דלק!$C22)) -> -4.8563138 | AF25: =IF($AH25,דלק!$C22,"") | AG25: =IF($AI25,דלק!$C22,"") | AH25: =OR($AC25<($AB25-$AR$34)/$AQ$34,$AC25<4250) -> FALSE | AI25: =IF(AB25<takeoffWT2,IF($AB25<$AR$5,$AC25<($AB25-$AR$32)/$AQ$32,FALSE),FALSE) -> FALSE | AJ25: =IF($AB25<$AR$5,$AC25>($AB25-$AR$33)/$AQ$33,FALSE) -> FALSE | AL25: =OR($AD25>$AQ$17,AND($AB25>$AR$16,$AD25>$AQ$16)) -> FALSE | AM25: =OR($AD25<$AQ$20,AND($AB25>$AR$16,$AD25<$AQ$21)) -> FALSE | AN25: =IF(OR(AL25:AM25),דלק!C22,"") | BA25: 110 | BB25: 22 | BH25: 3100 | BI25: 100
C26: 11 | D26: =IF(E26="","",INPUT11) | E26: =IFERROR(INDEX($E$40:$H$51,MATCH($C26,$I$40:$I$51,0),1),"") | F26: =IF(E26<>"",D26*E26,"") | G26: =IF(E26<>"",D26*H26,"") | H26: =IFERROR(INDEX($E$40:$H$51,MATCH($C26,$I$40:$I$51,0),4),"") | T26: =IF($T$5+דלק!$C23>takoffweight+1,takoffweight,$T$5+דלק!$C23) -> 2909.602 | U26: =IF($T$5+דלק!$C23>takoffweight+1,INDIRECT(ADDRESS(ROW()-1,COLUMN())),($T$5*$U$5+דלק!$C23*דלק!$D23)/($T$5+דלק!$C23)) -> 4462.661 | V26: =IF($T$5+דלק!$C23>takoffweight,INDIRECT(ADDRESS(ROW()-1,COLUMN())),($T$5*$V$5+דלק!$C23*דלק!$E23)/($T$5+דלק!$C23)) -> -4.8808659 | X26: =IF($T26<$AR$5,$U26<($T26-$AR$32)/$AQ$32,FALSE) -> FALSE | Y26: =IF($T26<$AR$5,$U26>($T26-$AR$33)/$AQ$33,FALSE) -> FALSE | Z26: =IF($Y26,דלק!$C23,"") | AA26: 210 | AB26: =IF($AB$5+דלק!$C23>takoffweight+1,takoffweight,$AB$5+דלק!$C23) -> 2909.602 | AC26: =IF($AB$5+דלק!$C23>takoffweight+1,INDIRECT(ADDRESS(ROW()-1,COLUMN())),($AB$5*$AC$5+דלק!$C23*דלק!$D23)/($AB$5+דלק!$C23)) -> 4462.661 | AD26: =IF($AB$5+דלק!$C23>takoffweight,INDIRECT(ADDRESS(ROW()-1,COLUMN())),($AB$5*$AD$5+דלק!$C23*דלק!$E23)/($AB$5+דלק!$C23)) -> -4.8808659 | AF26: =IF($AH26,דלק!$C23,"") | AG26: =IF($AI26,דלק!$C23,"") | AH26: =OR($AC26<($AB26-$AR$34)/$AQ$34,$AC26<4250) -> FALSE | AI26: =IF(AB26<takeoffWT2,IF($AB26<$AR$5,$AC26<($AB26-$AR$32)/$AQ$32,FALSE),FALSE) -> FALSE | AJ26: =IF($AB26<$AR$5,$AC26>($AB26-$AR$33)/$AQ$33,FALSE) -> FALSE | AL26: =OR($AD26>$AQ$17,AND($AB26>$AR$16,$AD26>$AQ$16)) -> FALSE | AM26: =OR($AD26<$AQ$20,AND($AB26>$AR$16,$AD26<$AQ$21)) -> FALSE | AN26: =IF(OR(AL26:AM26),דלק!C23,"") | AQ26: חישוב מרכז כובד רוחבי | BA26: 115 | BB26: 23 | BH26: 3150 | BI26: 50
C27: 12 | D27: =IF(E27="","",INPUT12) | E27: =IFERROR(INDEX($E$40:$H$51,MATCH($C27,$I$40:$I$51,0),1),"") | F27: =IF(E27<>"",D27*E27,"") | G27: =IF(E27<>"",D27*H27,"") | H27: =IFERROR(INDEX($E$40:$H$51,MATCH($C27,$I$40:$I$51,0),4),"") | T27: =IF($T$5+דלק!$C24>takoffweight+1,takoffweight,$T$5+דלק!$C24) -> 2919.602 | U27: =IF($T$5+דלק!$C24>takoffweight+1,INDIRECT(ADDRESS(ROW()-1,COLUMN())),($T$5*$U$5+דלק!$C24*דלק!$D24)/($T$5+דלק!$C24)) -> 4462.8265 | V27: =IF($T$5+דלק!$C24>takoffweight,INDIRECT(ADDRESS(ROW()-1,COLUMN())),($T$5*$V$5+דלק!$C24*דלק!$E24)/($T$5+דלק!$C24)) -> -4.8367473 | X27: =IF($T27<$AR$5,$U27<($T27-$AR$32)/$AQ$32,FALSE) -> FALSE | Y27: =IF($T27<$AR$5,$U27>($T27-$AR$33)/$AQ$33,FALSE) -> FALSE | Z27: =IF($Y27,דלק!$C24,"") | AA27: 220 | AB27: =IF($AB$5+דלק!$C24>takoffweight+1,takoffweight,$AB$5+דלק!$C24) -> 2919.602 | AC27: =IF($AB$5+דלק!$C24>takoffweight+1,INDIRECT(ADDRESS(ROW()-1,COLUMN())),($AB$5*$AC$5+דלק!$C24*דלק!$D24)/($AB$5+דלק!$C24)) -> 4462.8265 | AD27: =IF($AB$5+דלק!$C24>takoffweight,INDIRECT(ADDRESS(ROW()-1,COLUMN())),($AB$5*$AD$5+דלק!$C24*דלק!$E24)/($AB$5+דלק!$C24)) -> -4.8367473 | AF27: =IF($AH27,דלק!$C24,"") | AG27: =IF($AI27,דלק!$C24,"") | AH27: =OR($AC27<($AB27-$AR$34)/$AQ$34,$AC27<4250) -> FALSE | AI27: =IF(AB27<takeoffWT2,IF($AB27<$AR$5,$AC27<($AB27-$AR$32)/$AQ$32,FALSE),FALSE) -> FALSE | AJ27: =IF($AB27<$AR$5,$AC27>($AB27-$AR$33)/$AQ$33,FALSE) -> FALSE | AL27: =OR($AD27>$AQ$17,AND($AB27>$AR$16,$AD27>$AQ$16)) -> FALSE | AM27: =OR($AD27<$AQ$20,AND($AB27>$AR$16,$AD27<$AQ$21)) -> FALSE | AN27: =IF(OR(AL27:AM27),דלק!C24,"") | AQ27: =T5 -> 2699.602 | AR27: =MIN($V$5:$V$76) -> -5.8828587 | BA27: 120 | BB27: 24 | BH27: 3200 | BI27: 0
C28: 13 | D28: =IF(E28="","",INPUT13) | E28: =IFERROR(INDEX($E$40:$H$51,MATCH($C28,$I$40:$I$51,0),1),"") | F28: =IF(E28<>"",D28*E28,"") | G28: =IF(E28<>"",D28*H28,"") | H28: =IFERROR(INDEX($E$40:$H$51,MATCH($C28,$I$40:$I$51,0),4),"") | K28: MANUALLY ADDED EQUIPMENT | T28: =IF($T$5+דלק!$C25>takoffweight+1,takoffweight,$T$5+דלק!$C25) -> 2929.602 | U28: =IF($T$5+דלק!$C25>takoffweight+1,INDIRECT(ADDRESS(ROW()-1,COLUMN())),($T$5*$U$5+דלק!$C25*דלק!$D25)/($T$5+דלק!$C25)) -> 4465.295 | V28: =IF($T$5+דלק!$C25>takoffweight,INDIRECT(ADDRESS(ROW()-1,COLUMN())),($T$5*$V$5+דלק!$C25*דלק!$E25)/($T$5+דלק!$C25)) -> -4.8714389 | X28: =IF($T28<$AR$5,$U28<($T28-$AR$32)/$AQ$32,FALSE) -> FALSE | Y28: =IF($T28<$AR$5,$U28>($T28-$AR$33)/$AQ$33,FALSE) -> FALSE | Z28: =IF($Y28,דלק!$C25,"") | AA28: 230 | AB28: =IF($AB$5+דלק!$C25>takoffweight+1,takoffweight,$AB$5+דלק!$C25) -> 2929.602 | AC28: =IF($AB$5+דלק!$C25>takoffweight+1,INDIRECT(ADDRESS(ROW()-1,COLUMN())),($AB$5*$AC$5+דלק!$C25*דלק!$D25)/($AB$5+דלק!$C25)) -> 4465.295 | AD28: =IF($AB$5+דלק!$C25>takoffweight,INDIRECT(ADDRESS(ROW()-1,COLUMN())),($AB$5*$AD$5+דלק!$C25*דלק!$E25)/($AB$5+דלק!$C25)) -> -4.8714389 | AF28: =IF($AH28,דלק!$C25,"") | AG28: =IF($AI28,דלק!$C25,"") | AH28: =OR($AC28<($AB28-$AR$34)/$AQ$34,$AC28<4250) -> FALSE | AI28: =IF(AB28<takeoffWT2,IF($AB28<$AR$5,$AC28<($AB28-$AR$32)/$AQ$32,FALSE),FALSE) -> FALSE | AJ28: =IF($AB28<$AR$5,$AC28>($AB28-$AR$33)/$AQ$33,FALSE) -> FALSE | AL28: =OR($AD28>$AQ$17,AND($AB28>$AR$16,$AD28>$AQ$16)) -> FALSE | AM28: =OR($AD28<$AQ$20,AND($AB28>$AR$16,$AD28<$AQ$21)) -> FALSE | AN28: =IF(OR(AL28:AM28),דלק!C25,"") | AQ28: =T76 -> 3200 | AR28: =MAX($V$5:$V$76) -> -4.6023559 | BA28: 125 | BB28: 25 | BH28: 3250 | BI28: -50
C29: 14 | D29: =IF(E29="","",INPUT14) | E29: =IFERROR(INDEX($E$40:$H$51,MATCH($C29,$I$40:$I$51,0),1),"") | F29: =IF(E29<>"",D29*E29,"") | G29: =IF(E29<>"",D29*H29,"") | H29: =IFERROR(INDEX($E$40:$H$51,MATCH($C29,$I$40:$I$51,0),4),"") | K29: ציוד | L29: משקל | M29: LONG1 ARM | N29: מומנט אורכי | O29: LONG2 ARM | P29: מומנט אורכי2 | Q29: מומנט רוחבי | R29: LAT ARM | T29: =IF($T$5+דלק!$C26>takoffweight+1,takoffweight,$T$5+דלק!$C26) -> 2939.602 | U29: =IF($T$5+דלק!$C26>takoffweight+1,INDIRECT(ADDRESS(ROW()-1,COLUMN())),($T$5*$U$5+דלק!$C26*דלק!$D26)/($T$5+דלק!$C26)) -> 4468.1958 | V29: =IF($T$5+דלק!$C26>takoffweight,INDIRECT(ADDRESS(ROW()-1,COLUMN())),($T$5*$V$5+דלק!$C26*דלק!$E26)/($T$5+דלק!$C26)) -> -4.8310544 | X29: =IF($T29<$AR$5,$U29<($T29-$AR$32)/$AQ$32,FALSE) -> FALSE | Y29: =IF($T29<$AR$5,$U29>($T29-$AR$33)/$AQ$33,FALSE) -> FALSE | Z29: =IF($Y29,דלק!$C26,"") | AA29: 240 | AB29: =IF($AB$5+דלק!$C26>takoffweight+1,takoffweight,$AB$5+דלק!$C26) -> 2939.602 | AC29: =IF($AB$5+דלק!$C26>takoffweight+1,INDIRECT(ADDRESS(ROW()-1,COLUMN())),($AB$5*$AC$5+דלק!$C26*דלק!$D26)/($AB$5+דלק!$C26)) -> 4468.1958 | AD29: =IF($AB$5+דלק!$C26>takoffweight,INDIRECT(ADDRESS(ROW()-1,COLUMN())),($AB$5*$AD$5+דלק!$C26*דלק!$E26)/($AB$5+דלק!$C26)) -> -4.8310544 | AF29: =IF($AH29,דלק!$C26,"") | AG29: =IF($AI29,דלק!$C26,"") | AH29: =OR($AC29<($AB29-$AR$34)/$AQ$34,$AC29<4250) -> FALSE | AI29: =IF(AB29<takeoffWT2,IF($AB29<$AR$5,$AC29<($AB29-$AR$32)/$AQ$32,FALSE),FALSE) -> FALSE | AJ29: =IF($AB29<$AR$5,$AC29>($AB29-$AR$33)/$AQ$33,FALSE) -> FALSE | AL29: =OR($AD29>$AQ$17,AND($AB29>$AR$16,$AD29>$AQ$16)) -> FALSE | AM29: =OR($AD29<$AQ$20,AND($AB29>$AR$16,$AD29<$AQ$21)) -> FALSE | AN29: =IF(OR(AL29:AM29),דלק!C26,"") | BA29: 130 | BB29: 26 | BH29: 3300 | BI29: -100
C30: 15 | D30: =IF(E30="","",INPUT15) | E30: =IFERROR(INDEX($E$40:$H$51,MATCH($C30,$I$40:$I$51,0),1),"") | F30: =IF(E30<>"",D30*E30,"") | G30: =IF(E30<>"",D30*H30,"") | H30: =IFERROR(INDEX($E$40:$H$51,MATCH($C30,$I$40:$I$51,0),4),"") | K30: פריסטים קבועים | L30: =IF(M30="","",ראשי!D34) | M30: =IF(ראשי!$F34="","",VLOOKUP(ראשי!$F34,LONG_LOADING_TABLE,2,FALSE)) | N30: =IF(M30<>"",L30*M30,"") | O30: =IF(ראשי!$F34="","",VLOOKUP(ראשי!$F34,LONG_LOADING_TABLE,3,FALSE)) | P30: =IF(O30<>"",L30*O30,"") | Q30: =IF(R30<>"",L30*R30,"") | R30: =IF(ראשי!$H34="","",VLOOKUP(ראשי!$H34,LAT_LOADING_TABLE,2,FALSE)) | T30: =IF($T$5+דלק!$C27>takoffweight+1,takoffweight,$T$5+דלק!$C27) -> 2949.602 | U30: =IF($T$5+דלק!$C27>takoffweight+1,INDIRECT(ADDRESS(ROW()-1,COLUMN())),($T$5*$U$5+דלק!$C27*דלק!$D27)/($T$5+דלק!$C27)) -> 4471.1108 | V30: =IF($T$5+דלק!$C27>takoffweight,INDIRECT(ADDRESS(ROW()-1,COLUMN())),($T$5*$V$5+דלק!$C27*דלק!$E27)/($T$5+דלק!$C27)) -> -4.7909437 | X30: =IF($T30<$AR$5,$U30<($T30-$AR$32)/$AQ$32,FALSE) -> FALSE | Y30: =IF($T30<$AR$5,$U30>($T30-$AR$33)/$AQ$33,FALSE) -> FALSE | Z30: =IF($Y30,דלק!$C27,"") | AA30: 250 | AB30: =IF($AB$5+דלק!$C27>takoffweight+1,takoffweight,$AB$5+דלק!$C27) -> 2949.602 | AC30: =IF($AB$5+דלק!$C27>takoffweight+1,INDIRECT(ADDRESS(ROW()-1,COLUMN())),($AB$5*$AC$5+דלק!$C27*דלק!$D27)/($AB$5+דלק!$C27)) -> 4471.1108 | AD30: =IF($AB$5+דלק!$C27>takoffweight,INDIRECT(ADDRESS(ROW()-1,COLUMN())),($AB$5*$AD$5+דלק!$C27*דלק!$E27)/($AB$5+דלק!$C27)) -> -4.7909437 | AF30: =IF($AH30,דלק!$C27,"") | AG30: =IF($AI30,דלק!$C27,"") | AH30: =OR($AC30<($AB30-$AR$34)/$AQ$34,$AC30<4250) -> FALSE | AI30: =IF(AB30<takeoffWT2,IF($AB30<$AR$5,$AC30<($AB30-$AR$32)/$AQ$32,FALSE),FALSE) -> FALSE | AJ30: =IF($AB30<$AR$5,$AC30>($AB30-$AR$33)/$AQ$33,FALSE) -> FALSE | AL30: =OR($AD30>$AQ$17,AND($AB30>$AR$16,$AD30>$AQ$16)) -> FALSE | AM30: =OR($AD30<$AQ$20,AND($AB30>$AR$16,$AD30<$AQ$21)) -> FALSE | AN30: =IF(OR(AL30:AM30),דלק!C27,"") | AP30: CG LIMIT GRAPH | BA30: 135 | BB30: 27 | BH30: 3350 | BI30: -150
C31: 21 | D31: =IF(E31="","",INPUT21) | E31: =IFERROR(INDEX($E$40:$H$51,MATCH($C31,$I$40:$I$51,0),1),"") | F31: =IF(E31<>"",D31*E31,"") | G31: =IF(E31<>"",D31*H31,"") | H31: =IFERROR(INDEX($E$40:$H$51,MATCH($C31,$I$40:$I$51,0),4),"") | L31: =IF(M31="","",ראשי!D35) | M31: =IF(ראשי!$F35="","",VLOOKUP(ראשי!$F35,LONG_LOADING_TABLE,2,FALSE)) | N31: =IF(M31<>"",L31*M31,"") | O31: =IF(ראשי!$F35="","",VLOOKUP(ראשי!$F35,LONG_LOADING_TABLE,3,FALSE)) | P31: =IF(O31<>"",L31*O31,"") | Q31: =IF(R31<>"",L31*R31,"") | R31: =IF(ראשי!$H35="","",VLOOKUP(ראשי!$H35,LAT_LOADING_TABLE,2,FALSE)) | T31: =IF($T$5+דלק!$C28>takoffweight+1,takoffweight,$T$5+דלק!$C28) -> 2959.602 | U31: =IF($T$5+דלק!$C28>takoffweight+1,INDIRECT(ADDRESS(ROW()-1,COLUMN())),($T$5*$U$5+דלק!$C28*דלק!$D28)/($T$5+דלק!$C28)) -> 4473.7357 | V31: =IF($T$5+דלק!$C28>takoffweight,INDIRECT(ADDRESS(ROW()-1,COLUMN())),($T$5*$V$5+דלק!$C28*דלק!$E28)/($T$5+דלק!$C28)) -> -4.7511041 | X31: =IF($T31<$AR$5,$U31<($T31-$AR$32)/$AQ$32,FALSE) -> FALSE | Y31: =IF($T31<$AR$5,$U31>($T31-$AR$33)/$AQ$33,FALSE) -> FALSE | Z31: =IF($Y31,דלק!$C28,"") | AA31: 260 | AB31: =IF($AB$5+דלק!$C28>takoffweight+1,takoffweight,$AB$5+דלק!$C28) -> 2959.602 | AC31: =IF($AB$5+דלק!$C28>takoffweight+1,INDIRECT(ADDRESS(ROW()-1,COLUMN())),($AB$5*$AC$5+דלק!$C28*דלק!$D28)/($AB$5+דלק!$C28)) -> 4473.7357 | AD31: =IF($AB$5+דלק!$C28>takoffweight,INDIRECT(ADDRESS(ROW()-1,COLUMN())),($AB$5*$AD$5+דלק!$C28*דלק!$E28)/($AB$5+דלק!$C28)) -> -4.7511041 | AF31: =IF($AH31,דלק!$C28,"") | AG31: =IF($AI31,דלק!$C28,"") | AH31: =OR($AC31<($AB31-$AR$34)/$AQ$34,$AC31<4250) -> FALSE | AI31: =IF(AB31<takeoffWT2,IF($AB31<$AR$5,$AC31<($AB31-$AR$32)/$AQ$32,FALSE),FALSE) -> FALSE | AJ31: =IF($AB31<$AR$5,$AC31>($AB31-$AR$33)/$AQ$33,FALSE) -> FALSE | AL31: =OR($AD31>$AQ$17,AND($AB31>$AR$16,$AD31>$AQ$16)) -> FALSE | AM31: =OR($AD31<$AQ$20,AND($AB31>$AR$16,$AD31<$AQ$21)) -> FALSE | AN31: =IF(OR(AL31:AM31),דלק!C28,"") | AQ31: a | AR31: b | BA31: 140 | BB31: 28 | BH31: 3400 | BI31: -200
C32: 22 | D32: =IF(E32="","",INPUT22) | E32: =IFERROR(INDEX($E$40:$H$51,MATCH($C32,$I$40:$I$51,0),1),"") | F32: =IF(E32<>"",D32*E32,"") | G32: =IF(E32<>"",D32*H32,"") | H32: =IFERROR(INDEX($E$40:$H$51,MATCH($C32,$I$40:$I$51,0),4),"") | L32: =IF(M32="","",ראשי!D36) | M32: =IF(ראשי!$F36="","",VLOOKUP(ראשי!$F36,LONG_LOADING_TABLE,2,FALSE)) | N32: =IF(M32<>"",L32*M32,"") | O32: =IF(ראשי!$F36="","",VLOOKUP(ראשי!$F36,LONG_LOADING_TABLE,3,FALSE)) | P32: =IF(O32<>"",L32*O32,"") | Q32: =IF(R32<>"",L32*R32,"") | R32: =IF(ראשי!$H36="","",VLOOKUP(ראשי!$H36,LAT_LOADING_TABLE,2,FALSE)) | T32: =IF($T$5+דלק!$C29>takoffweight+1,takoffweight,$T$5+דלק!$C29) -> 2969.602 | U32: =IF($T$5+דלק!$C29>takoffweight+1,INDIRECT(ADDRESS(ROW()-1,COLUMN())),($T$5*$U$5+דלק!$C29*דלק!$D29)/($T$5+דלק!$C29)) -> 4474.9119 | V32: =IF($T$5+דלק!$C29>takoffweight,INDIRECT(ADDRESS(ROW()-1,COLUMN())),($T$5*$V$5+דלק!$C29*דלק!$E29)/($T$5+דלק!$C29)) -> -4.8024541 | X32: =IF($T32<$AR$5,$U32<($T32-$AR$32)/$AQ$32,FALSE) -> FALSE | Y32: =IF($T32<$AR$5,$U32>($T32-$AR$33)/$AQ$33,FALSE) -> FALSE | Z32: =IF($Y32,דלק!$C29,"") | AA32: 270 | AB32: =IF($AB$5+דלק!$C29>takoffweight+1,takoffweight,$AB$5+דלק!$C29) -> 2969.602 | AC32: =IF($AB$5+דלק!$C29>takoffweight+1,INDIRECT(ADDRESS(ROW()-1,COLUMN())),($AB$5*$AC$5+דלק!$C29*דלק!$D29)/($AB$5+דלק!$C29)) -> 4474.9119 | AD32: =IF($AB$5+דלק!$C29>takoffweight,INDIRECT(ADDRESS(ROW()-1,COLUMN())),($AB$5*$AD$5+דלק!$C29*דלק!$E29)/($AB$5+דלק!$C29)) -> -4.8024541 | AF32: =IF($AH32,דלק!$C29,"") | AG32: =IF($AI32,דלק!$C29,"") | AH32: =OR($AC32<($AB32-$AR$34)/$AQ$34,$AC32<4250) -> FALSE | AI32: =IF(AB32<takeoffWT2,IF($AB32<$AR$5,$AC32<($AB32-$AR$32)/$AQ$32,FALSE),FALSE) -> FALSE | AJ32: =IF($AB32<$AR$5,$AC32>($AB32-$AR$33)/$AQ$33,FALSE) -> FALSE | AL32: =OR($AD32>$AQ$17,AND($AB32>$AR$16,$AD32>$AQ$16)) -> FALSE | AM32: =OR($AD32<$AQ$20,AND($AB32>$AR$16,$AD32<$AQ$21)) -> FALSE | AN32: =IF(OR(AL32:AM32),דלק!C29,"") | AP32: FWD | AQ32: =SLOPE(נתונים!AR8:AR9,נתונים!AQ8:AQ9) -> 39.393939 | AR32: =AR8-AQ8*AQ32 -> -168845.45 | BA32: 145 | BB32: 29 | BH32: 3450 | BI32: -250
C33: 23 | D33: =IF(E33="","",INPUT23) | E33: =IFERROR(INDEX($E$40:$H$51,MATCH($C33,$I$40:$I$51,0),1),"") | F33: =IF(E33<>"",D33*E33,"") | G33: =IF(E33<>"",D33*H33,"") | H33: =IFERROR(INDEX($E$40:$H$51,MATCH($C33,$I$40:$I$51,0),4),"") | K33: הזנה ידנית | L33: =IF(M33="","",ראשי!D37) | M33: =IF(ראשי!$F37="","",ראשי!F37) | N33: =IF(M33<>"",L33*M33,"") | O33: =IF(ראשי!$F37="","",ראשי!F37) | P33: =IF(O33<>"",L33*O33,"") | Q33: =IF(R33<>"",L33*R33,"") | R33: =IF(ראשי!$H37="","",ראשי!H37) | T33: =IF($T$5+דלק!$C30>takoffweight+1,takoffweight,$T$5+דלק!$C30) -> 2979.602 | U33: =IF($T$5+דלק!$C30>takoffweight+1,INDIRECT(ADDRESS(ROW()-1,COLUMN())),($T$5*$U$5+דלק!$C30*דלק!$D30)/($T$5+דלק!$C30)) -> 4476.06 | V33: =IF($T$5+דלק!$C30>takoffweight,INDIRECT(ADDRESS(ROW()-1,COLUMN())),($T$5*$V$5+דלק!$C30*דלק!$E30)/($T$5+דלק!$C30)) -> -4.7661994 | X33: =IF($T33<$AR$5,$U33<($T33-$AR$32)/$AQ$32,FALSE) -> FALSE | Y33: =IF($T33<$AR$5,$U33>($T33-$AR$33)/$AQ$33,FALSE) -> FALSE | Z33: =IF($Y33,דלק!$C30,"") | AA33: 280 | AB33: =IF($AB$5+דלק!$C30>takoffweight+1,takoffweight,$AB$5+דלק!$C30) -> 2979.602 | AC33: =IF($AB$5+דלק!$C30>takoffweight+1,INDIRECT(ADDRESS(ROW()-1,COLUMN())),($AB$5*$AC$5+דלק!$C30*דלק!$D30)/($AB$5+דלק!$C30)) -> 4476.06 | AD33: =IF($AB$5+דלק!$C30>takoffweight,INDIRECT(ADDRESS(ROW()-1,COLUMN())),($AB$5*$AD$5+דלק!$C30*דלק!$E30)/($AB$5+דלק!$C30)) -> -4.7661994 | AF33: =IF($AH33,דלק!$C30,"") | AG33: =IF($AI33,דלק!$C30,"") | AH33: =OR($AC33<($AB33-$AR$34)/$AQ$34,$AC33<4250) -> FALSE | AI33: =IF(AB33<takeoffWT2,IF($AB33<$AR$5,$AC33<($AB33-$AR$32)/$AQ$32,FALSE),FALSE) -> FALSE | AJ33: =IF($AB33<$AR$5,$AC33>($AB33-$AR$33)/$AQ$33,FALSE) -> FALSE | AL33: =OR($AD33>$AQ$17,AND($AB33>$AR$16,$AD33>$AQ$16)) -> FALSE | AM33: =OR($AD33<$AQ$20,AND($AB33>$AR$16,$AD33<$AQ$21)) -> FALSE | AN33: =IF(OR(AL33:AM33),דלק!C30,"") | AP33: AFT | AQ33: =SLOPE(נתונים!AR6:AR7,נתונים!AQ6:AQ7) -> -10.30303 | AR33: =AR7-AQ7*AQ33 -> 50424.242 | BA33: 150 | BB33: 30 | BH33: 3500 | BI33: -300
C34: 24 | D34: =IF(E34="","",INPUT24) | E34: =IFERROR(INDEX($E$40:$H$51,MATCH($C34,$I$40:$I$51,0),1),"") | F34: =IF(E34<>"",D34*E34,"") | G34: =IF(E34<>"",D34*H34,"") | H34: =IFERROR(INDEX($E$40:$H$51,MATCH($C34,$I$40:$I$51,0),4),"") | L34: =IF(M34="","",ראשי!D38) | M34: =IF(ראשי!$F38="","",ראשי!F38) | N34: =IF(M34<>"",L34*M34,"") | O34: =IF(ראשי!$F38="","",ראשי!F38) | P34: =IF(O34<>"",L34*O34,"") | Q34: =IF(R34<>"",L34*R34,"") | R34: =IF(ראשי!$H38="","",ראשי!H38) | T34: =IF($T$5+דלק!$C31>takoffweight+1,takoffweight,$T$5+דלק!$C31) -> 2989.602 | U34: =IF($T$5+דלק!$C31>takoffweight+1,INDIRECT(ADDRESS(ROW()-1,COLUMN())),($T$5*$U$5+דלק!$C31*דלק!$D31)/($T$5+דלק!$C31)) -> 4477.2573 | V34: =IF($T$5+דלק!$C31>takoffweight,INDIRECT(ADDRESS(ROW()-1,COLUMN())),($T$5*$V$5+דלק!$C31*דלק!$E31)/($T$5+דלק!$C31)) -> -4.7301872 | X34: =IF($T34<$AR$5,$U34<($T34-$AR$32)/$AQ$32,FALSE) -> FALSE | Y34: =IF($T34<$AR$5,$U34>($T34-$AR$33)/$AQ$33,FALSE) -> FALSE | Z34: =IF($Y34,דלק!$C31,"") | AA34: 290 | AB34: =IF($AB$5+דלק!$C31>takoffweight+1,takoffweight,$AB$5+דלק!$C31) -> 2989.602 | AC34: =IF($AB$5+דלק!$C31>takoffweight+1,INDIRECT(ADDRESS(ROW()-1,COLUMN())),($AB$5*$AC$5+דלק!$C31*דלק!$D31)/($AB$5+דלק!$C31)) -> 4477.2573 | AD34: =IF($AB$5+דלק!$C31>takoffweight,INDIRECT(ADDRESS(ROW()-1,COLUMN())),($AB$5*$AD$5+דלק!$C31*דלק!$E31)/($AB$5+דלק!$C31)) -> -4.7301872 | AF34: =IF($AH34,דלק!$C31,"") | AG34: =IF($AI34,דלק!$C31,"") | AH34: =OR($AC34<($AB34-$AR$34)/$AQ$34,$AC34<4250) -> FALSE | AI34: =IF(AB34<takeoffWT2,IF($AB34<$AR$5,$AC34<($AB34-$AR$32)/$AQ$32,FALSE),FALSE) -> FALSE | AJ34: =IF($AB34<$AR$5,$AC34>($AB34-$AR$33)/$AQ$33,FALSE) -> FALSE | AL34: =OR($AD34>$AQ$17,AND($AB34>$AR$16,$AD34>$AQ$16)) -> FALSE | AM34: =OR($AD34<$AQ$20,AND($AB34>$AR$16,$AD34<$AQ$21)) -> FALSE | AN34: =IF(OR(AL34:AM34),דלק!C31,"") | AP34: EXT | AQ34: =SLOPE(נתונים!AU21:AU22,נתונים!AT21:AT22) -> -6.185567 | AR34: =AR8-AQ8*AQ34 -> 29288.66 | BA34: 155 | BB34: 31 | BH34: 3550 | BI34: -350
C35: 25 | D35: =IF(E35="","",INPUT25) | E35: =IFERROR(INDEX($E$40:$H$51,MATCH($C35,$I$40:$I$51,0),1),"") | F35: =IF(E35<>"",D35*E35,"") | G35: =IF(E35<>"",D35*H35,"") | H35: =IFERROR(INDEX($E$40:$H$51,MATCH($C35,$I$40:$I$51,0),4),"") | L35: =IF(M35="","",ראשי!D39) | M35: =IF(ראשי!$F39="","",ראשי!F39) | N35: =IF(M35<>"",L35*M35,"") | O35: =IF(ראשי!$F39="","",ראשי!F39) | P35: =IF(O35<>"",L35*O35,"") | Q35: =IF(R35<>"",L35*R35,"") | R35: =IF(ראשי!$H39="","",ראשי!H39) | T35: =IF($T$5+דלק!$C32>takoffweight+1,takoffweight,$T$5+דלק!$C32) -> 2999.602 | U35: =IF($T$5+דלק!$C32>takoffweight+1,INDIRECT(ADDRESS(ROW()-1,COLUMN())),($T$5*$U$5+דלק!$C32*דלק!$D32)/($T$5+דלק!$C32)) -> 4478.3932 | V35: =IF($T$5+דלק!$C32>takoffweight,INDIRECT(ADDRESS(ROW()-1,COLUMN())),($T$5*$V$5+דלק!$C32*דלק!$E32)/($T$5+דלק!$C32)) -> -4.6944152 | X35: =IF($T35<$AR$5,$U35<($T35-$AR$32)/$AQ$32,FALSE) -> FALSE | Y35: =IF($T35<$AR$5,$U35>($T35-$AR$33)/$AQ$33,FALSE) -> FALSE | Z35: =IF($Y35,דלק!$C32,"") | AA35: 300 | AB35: =IF($AB$5+דלק!$C32>takoffweight+1,takoffweight,$AB$5+דלק!$C32) -> 2999.602 | AC35: =IF($AB$5+דלק!$C32>takoffweight+1,INDIRECT(ADDRESS(ROW()-1,COLUMN())),($AB$5*$AC$5+דלק!$C32*דלק!$D32)/($AB$5+דלק!$C32)) -> 4478.3932 | AD35: =IF($AB$5+דלק!$C32>takoffweight,INDIRECT(ADDRESS(ROW()-1,COLUMN())),($AB$5*$AD$5+דלק!$C32*דלק!$E32)/($AB$5+דלק!$C32)) -> -4.6944152 | AF35: =IF($AH35,דלק!$C32,"") | AG35: =IF($AI35,דלק!$C32,"") | AH35: =OR($AC35<($AB35-$AR$34)/$AQ$34,$AC35<4250) -> FALSE | AI35: =IF(AB35<takeoffWT2,IF($AB35<$AR$5,$AC35<($AB35-$AR$32)/$AQ$32,FALSE),FALSE) -> FALSE | AJ35: =IF($AB35<$AR$5,$AC35>($AB35-$AR$33)/$AQ$33,FALSE) -> FALSE | AL35: =OR($AD35>$AQ$17,AND($AB35>$AR$16,$AD35>$AQ$16)) -> FALSE | AM35: =OR($AD35<$AQ$20,AND($AB35>$AR$16,$AD35<$AQ$21)) -> FALSE | AN35: =IF(OR(AL35:AM35),דלק!C32,"") | BA35: 160 | BB35: 32 | BH35: 3600 | BI35: -400
T36: =IF($T$5+דלק!$C33>takoffweight+1,takoffweight,$T$5+דלק!$C33) -> 3009.602 | U36: =IF($T$5+דלק!$C33>takoffweight+1,INDIRECT(ADDRESS(ROW()-1,COLUMN())),($T$5*$U$5+דלק!$C33*דלק!$D33)/($T$5+דלק!$C33)) -> 4479.5515 | V36: =IF($T$5+דלק!$C33>takoffweight,INDIRECT(ADDRESS(ROW()-1,COLUMN())),($T$5*$V$5+דלק!$C33*דלק!$E33)/($T$5+דלק!$C33)) -> -4.6588809 | X36: =IF($T36<$AR$5,$U36<($T36-$AR$32)/$AQ$32,FALSE) -> FALSE | Y36: =IF($T36<$AR$5,$U36>($T36-$AR$33)/$AQ$33,FALSE) -> FALSE | Z36: =IF($Y36,דלק!$C33,"") | AA36: 310 | AB36: =IF($AB$5+דלק!$C33>takoffweight+1,takoffweight,$AB$5+דלק!$C33) -> 3009.602 | AC36: =IF($AB$5+דלק!$C33>takoffweight+1,INDIRECT(ADDRESS(ROW()-1,COLUMN())),($AB$5*$AC$5+דלק!$C33*דלק!$D33)/($AB$5+דלק!$C33)) -> 4479.5515 | AD36: =IF($AB$5+דלק!$C33>takoffweight,INDIRECT(ADDRESS(ROW()-1,COLUMN())),($AB$5*$AD$5+דלק!$C33*דלק!$E33)/($AB$5+דלק!$C33)) -> -4.6588809 | AF36: =IF($AH36,דלק!$C33,"") | AG36: =IF($AI36,דלק!$C33,"") | AH36: =OR($AC36<($AB36-$AR$34)/$AQ$34,$AC36<4250) -> FALSE | AI36: =IF(AB36<takeoffWT2,IF($AB36<$AR$5,$AC36<($AB36-$AR$32)/$AQ$32,FALSE),FALSE) -> FALSE | AJ36: =IF($AB36<$AR$5,$AC36>($AB36-$AR$33)/$AQ$33,FALSE) -> FALSE | AL36: =OR($AD36>$AQ$17,AND($AB36>$AR$16,$AD36>$AQ$16)) -> FALSE | AM36: =OR($AD36<$AQ$20,AND($AB36>$AR$16,$AD36<$AQ$21)) -> FALSE | AN36: =IF(OR(AL36:AM36),דלק!C33,"") | AP36: LONG LOADING TABLE | BA36: 165 | BB36: 33 | BH36: 3650 | BI36: -450
C37: תצורת כסאות | D37: =ראשי!D7 -> 01: קבועה - 4 כסאות | T37: =IF($T$5+דלק!$C34>takoffweight+1,takoffweight,$T$5+דלק!$C34) -> 3019.602 | U37: =IF($T$5+דלק!$C34>takoffweight+1,INDIRECT(ADDRESS(ROW()-1,COLUMN())),($T$5*$U$5+דלק!$C34*דלק!$D34)/($T$5+דלק!$C34)) -> 4480.722 | V37: =IF($T$5+דלק!$C34>takoffweight,INDIRECT(ADDRESS(ROW()-1,COLUMN())),($T$5*$V$5+דלק!$C34*דלק!$E34)/($T$5+דלק!$C34)) -> -4.7295561 | X37: =IF($T37<$AR$5,$U37<($T37-$AR$32)/$AQ$32,FALSE) -> FALSE | Y37: =IF($T37<$AR$5,$U37>($T37-$AR$33)/$AQ$33,FALSE) -> FALSE | Z37: =IF($Y37,דלק!$C34,"") | AA37: 320 | AB37: =IF($AB$5+דלק!$C34>takoffweight+1,takoffweight,$AB$5+דלק!$C34) -> 3019.602 | AC37: =IF($AB$5+דלק!$C34>takoffweight+1,INDIRECT(ADDRESS(ROW()-1,COLUMN())),($AB$5*$AC$5+דלק!$C34*דלק!$D34)/($AB$5+דלק!$C34)) -> 4480.722 | AD37: =IF($AB$5+דלק!$C34>takoffweight,INDIRECT(ADDRESS(ROW()-1,COLUMN())),($AB$5*$AD$5+דלק!$C34*דלק!$E34)/($AB$5+דלק!$C34)) -> -4.7295561 | AF37: =IF($AH37,דלק!$C34,"") | AG37: =IF($AI37,דלק!$C34,"") | AH37: =OR($AC37<($AB37-$AR$34)/$AQ$34,$AC37<4250) -> FALSE | AI37: =IF(AB37<takeoffWT2,IF($AB37<$AR$5,$AC37<($AB37-$AR$32)/$AQ$32,FALSE),FALSE) -> FALSE | AJ37: =IF($AB37<$AR$5,$AC37>($AB37-$AR$33)/$AQ$33,FALSE) -> FALSE | AL37: =OR($AD37>$AQ$17,AND($AB37>$AR$16,$AD37>$AQ$16)) -> FALSE | AM37: =OR($AD37<$AQ$20,AND($AB37>$AR$16,$AD37<$AQ$21)) -> FALSE | AN37: =IF(OR(AL37:AM37),דלק!C34,"") | AQ37: קו אחורי | AR37: קו קדמי | BA37: 170 | BB37: 34 | BH37: 3700 | BI37: -500
C38: SEAT CONFIGURATION | T38: =IF($T$5+דלק!$C35>takoffweight+1,takoffweight,$T$5+דלק!$C35) -> 3029.602 | U38: =IF($T$5+דלק!$C35>takoffweight+1,INDIRECT(ADDRESS(ROW()-1,COLUMN())),($T$5*$U$5+דלק!$C35*דלק!$D35)/($T$5+דלק!$C35)) -> 4481.8947 | V38: =IF($T$5+דלק!$C35>takoffweight,INDIRECT(ADDRESS(ROW()-1,COLUMN())),($T$5*$V$5+דלק!$C35*דלק!$E35)/($T$5+דלק!$C35)) -> -4.6974412 | X38: =IF($T38<$AR$5,$U38<($T38-$AR$32)/$AQ$32,FALSE) -> FALSE | Y38: =IF($T38<$AR$5,$U38>($T38-$AR$33)/$AQ$33,FALSE) -> FALSE | Z38: =IF($Y38,דלק!$C35,"") | AA38: 330 | AB38: =IF($AB$5+דלק!$C35>takoffweight+1,takoffweight,$AB$5+דלק!$C35) -> 3029.602 | AC38: =IF($AB$5+דלק!$C35>takoffweight+1,INDIRECT(ADDRESS(ROW()-1,COLUMN())),($AB$5*$AC$5+דלק!$C35*דלק!$D35)/($AB$5+דלק!$C35)) -> 4481.8947 | AD38: =IF($AB$5+דלק!$C35>takoffweight,INDIRECT(ADDRESS(ROW()-1,COLUMN())),($AB$5*$AD$5+דלק!$C35*דלק!$E35)/($AB$5+דלק!$C35)) -> -4.6974412 | AF38: =IF($AH38,דלק!$C35,"") | AG38: =IF($AI38,דלק!$C35,"") | AH38: =OR($AC38<($AB38-$AR$34)/$AQ$34,$AC38<4250) -> FALSE | AI38: =IF(AB38<takeoffWT2,IF($AB38<$AR$5,$AC38<($AB38-$AR$32)/$AQ$32,FALSE),FALSE) -> FALSE | AJ38: =IF($AB38<$AR$5,$AC38>($AB38-$AR$33)/$AQ$33,FALSE) -> FALSE | AL38: =OR($AD38>$AQ$17,AND($AB38>$AR$16,$AD38>$AQ$16)) -> FALSE | AM38: =OR($AD38<$AQ$20,AND($AB38>$AR$16,$AD38<$AQ$21)) -> FALSE | AN38: =IF(OR(AL38:AM38),דלק!C35,"") | AP38: FWD1 | AQ38: 3500 | AR38: 3000 | BA38: 175 | BB38: 35 | BH38: 3750 | BI38: -550
C39: ציוד | D39: משקל | E39: LONG ARM | F39: מומנט אורכי | G39: מומנט רוחבי | H39: LAT ARM | I39: כסא | T39: =IF($T$5+דלק!$C36>takoffweight+1,takoffweight,$T$5+דלק!$C36) -> 3039.602 | U39: =IF($T$5+דלק!$C36>takoffweight+1,INDIRECT(ADDRESS(ROW()-1,COLUMN())),($T$5*$U$5+דלק!$C36*דלק!$D36)/($T$5+דלק!$C36)) -> 4482.9479 | V39: =IF($T$5+דלק!$C36>takoffweight,INDIRECT(ADDRESS(ROW()-1,COLUMN())),($T$5*$V$5+דלק!$C36*דלק!$E36)/($T$5+דלק!$C36)) -> -4.6655375 | X39: =IF($T39<$AR$5,$U39<($T39-$AR$32)/$AQ$32,FALSE) -> FALSE | Y39: =IF($T39<$AR$5,$U39>($T39-$AR$33)/$AQ$33,FALSE) -> FALSE | Z39: =IF($Y39,דלק!$C36,"") | AA39: 340 | AB39: =IF($AB$5+דלק!$C36>takoffweight+1,takoffweight,$AB$5+דלק!$C36) -> 3039.602 | AC39: =IF($AB$5+דלק!$C36>takoffweight+1,INDIRECT(ADDRESS(ROW()-1,COLUMN())),($AB$5*$AC$5+דלק!$C36*דלק!$D36)/($AB$5+דלק!$C36)) -> 4482.9479 | AD39: =IF($AB$5+דלק!$C36>takoffweight,INDIRECT(ADDRESS(ROW()-1,COLUMN())),($AB$5*$AD$5+דלק!$C36*דלק!$E36)/($AB$5+דלק!$C36)) -> -4.6655375 | AF39: =IF($AH39,דלק!$C36,"") | AG39: =IF($AI39,דלק!$C36,"") | AH39: =OR($AC39<($AB39-$AR$34)/$AQ$34,$AC39<4250) -> FALSE | AI39: =IF(AB39<takeoffWT2,IF($AB39<$AR$5,$AC39<($AB39-$AR$32)/$AQ$32,FALSE),FALSE) -> FALSE | AJ39: =IF($AB39<$AR$5,$AC39>($AB39-$AR$33)/$AQ$33,FALSE) -> FALSE | AL39: =OR($AD39>$AQ$17,AND($AB39>$AR$16,$AD39>$AQ$16)) -> FALSE | AM39: =OR($AD39<$AQ$20,AND($AB39>$AR$16,$AD39<$AQ$21)) -> FALSE | AN39: =IF(OR(AL39:AM39),דלק!C36,"") | AP39: FWD2 | AQ39: 4000 | AR39: 3500 | BA39: 180 | BB39: 36 | BH39: 3800 | BI39: -600
C40: =IF(INDIRECT("תצורות!A"&(LEFT($D$37,2)-1)*13+ROW(A3))=0,"",INDIRECT("תצורות!A"&(LEFT($D$37,2)-1)*13+ROW(A3))) -> כסא נוסע ימין - שורה אמצעית | D40: =IF(INDIRECT("תצורות!A"&(LEFT($D$37,2)-1)*13+ROW(A3))=0,"",INDIRECT("תצורות!b"&(LEFT($D$37,2)-1)*13+ROW(A3))) -> 12.598 | E40: =IF(INDIRECT("תצורות!A"&(LEFT($D$37,2)-1)*13+ROW(A3))=0,"",INDIRECT("תצורות!c"&(LEFT($D$37,2)-1)*13+ROW(A3))) -> 4400 | F40: =IF(D40<>"",D40*E40,"") -> 55431.2 | G40: =IF(D40<>"",D40*H40,"") -> 4648.662 | H40: =IF(INDIRECT("תצורות!A"&(LEFT($D$37,2)-1)*13+ROW(A3))=0,"",INDIRECT("תצורות!d"&(LEFT($D$37,2)-1)*13+ROW(A3))) -> 369 | I40: =IF(INDIRECT("תצורות!A"&(LEFT($D$37,2)-1)*13+ROW(B3))=0,"",INT(INDIRECT("תצורות!E"&(LEFT($D$37,2)-1)*13+ROW(B3)))) -> 6 | T40: =IF($T$5+דלק!$C37>takoffweight+1,takoffweight,$T$5+דלק!$C37) -> 3049.602 | U40: =IF($T$5+דלק!$C37>takoffweight+1,INDIRECT(ADDRESS(ROW()-1,COLUMN())),($T$5*$U$5+דלק!$C37*דלק!$D37)/($T$5+דלק!$C37)) -> 4484.0924 | V40: =IF($T$5+דלק!$C37>takoffweight,INDIRECT(ADDRESS(ROW()-1,COLUMN())),($T$5*$V$5+דלק!$C37*דלק!$E37)/($T$5+דלק!$C37)) -> -4.6338431 | X40: =IF($T40<$AR$5,$U40<($T40-$AR$32)/$AQ$32,FALSE) -> FALSE | Y40: =IF($T40<$AR$5,$U40>($T40-$AR$33)/$AQ$33,FALSE) -> FALSE | Z40: =IF($Y40,דלק!$C37,"") | AA40: 350 | AB40: =IF($AB$5+דלק!$C37>takoffweight+1,takoffweight,$AB$5+דלק!$C37) -> 3049.602 | AC40: =IF($AB$5+דלק!$C37>takoffweight+1,INDIRECT(ADDRESS(ROW()-1,COLUMN())),($AB$5*$AC$5+דלק!$C37*דלק!$D37)/($AB$5+דלק!$C37)) -> 4484.0924 | AD40: =IF($AB$5+דלק!$C37>takoffweight,INDIRECT(ADDRESS(ROW()-1,COLUMN())),($AB$5*$AD$5+דלק!$C37*דלק!$E37)/($AB$5+דלק!$C37)) -> -4.6338431 | AF40: =IF($AH40,דלק!$C37,"") | AG40: =IF($AI40,דלק!$C37,"") | AH40: =OR($AC40<($AB40-$AR$34)/$AQ$34,$AC40<4250) -> FALSE | AI40: =IF(AB40<takeoffWT2,IF($AB40<$AR$5,$AC40<($AB40-$AR$32)/$AQ$32,FALSE),FALSE) -> FALSE | AJ40: =IF($AB40<$AR$5,$AC40>($AB40-$AR$33)/$AQ$33,FALSE) -> FALSE | AL40: =OR($AD40>$AQ$17,AND($AB40>$AR$16,$AD40>$AQ$16)) -> FALSE | AM40: =OR($AD40<$AQ$20,AND($AB40>$AR$16,$AD40<$AQ$21)) -> FALSE | AN40: =IF(OR(AL40:AM40),דלק!C37,"") | AP40: MID1 | AQ40: 4500 | AR40: 4000 | BA40: 185 | BB40: 37 | BH40: 3850 | BI40: -650
C41: =IF(INDIRECT("תצורות!A"&(LEFT($D$37,2)-1)*13+ROW(A4))=0,"",INDIRECT("תצורות!A"&(LEFT($D$37,2)-1)*13+ROW(A4))) -> כסא נוסע שמאל - שורה קדמית - פונה אחורה | D41: =IF(INDIRECT("תצורות!A"&(LEFT($D$37,2)-1)*13+ROW(A4))=0,"",INDIRECT("תצורות!b"&(LEFT($D$37,2)-1)*13+ROW(A4))) -> 12.598 | E41: =IF(INDIRECT("תצורות!A"&(LEFT($D$37,2)-1)*13+ROW(A4))=0,"",INDIRECT("תצורות!c"&(LEFT($D$37,2)-1)*13+ROW(A4))) -> 3265 | F41: =IF(D41<>"",D41*E41,"") -> 41132.47 | G41: =IF(D41<>"",D41*H41,"") -> -6928.9 | H41: =IF(INDIRECT("תצורות!A"&(LEFT($D$37,2)-1)*13+ROW(A4))=0,"",INDIRECT("תצורות!d"&(LEFT($D$37,2)-1)*13+ROW(A4))) -> -550 | I41: =IF(INDIRECT("תצורות!A"&(LEFT($D$37,2)-1)*13+ROW(B4))=0,"",INT(INDIRECT("תצורות!E"&(LEFT($D$37,2)-1)*13+ROW(B4)))) -> 1 | T41: =IF($T$5+דלק!$C38>takoffweight+1,takoffweight,$T$5+דלק!$C38) -> 3059.602 | U41: =IF($T$5+דלק!$C38>takoffweight+1,INDIRECT(ADDRESS(ROW()-1,COLUMN())),($T$5*$U$5+דלק!$C38*דלק!$D38)/($T$5+דלק!$C38)) -> 4485.2099 | V41: =IF($T$5+דלק!$C38>takoffweight,INDIRECT(ADDRESS(ROW()-1,COLUMN())),($T$5*$V$5+דלק!$C38*דלק!$E38)/($T$5+דלק!$C38)) -> -4.6023559 | X41: =IF($T41<$AR$5,$U41<($T41-$AR$32)/$AQ$32,FALSE) -> FALSE | Y41: =IF($T41<$AR$5,$U41>($T41-$AR$33)/$AQ$33,FALSE) -> FALSE | Z41: =IF($Y41,דלק!$C38,"") | AA41: 360 | AB41: =IF($AB$5+דלק!$C38>takoffweight+1,takoffweight,$AB$5+דלק!$C38) -> 3059.602 | AC41: =IF($AB$5+דלק!$C38>takoffweight+1,INDIRECT(ADDRESS(ROW()-1,COLUMN())),($AB$5*$AC$5+דלק!$C38*דלק!$D38)/($AB$5+דלק!$C38)) -> 4485.2099 | AD41: =IF($AB$5+דלק!$C38>takoffweight,INDIRECT(ADDRESS(ROW()-1,COLUMN())),($AB$5*$AD$5+דלק!$C38*דלק!$E38)/($AB$5+דלק!$C38)) -> -4.6023559 | AF41: =IF($AH41,דלק!$C38,"") | AG41: =IF($AI41,דלק!$C38,"") | AH41: =OR($AC41<($AB41-$AR$34)/$AQ$34,$AC41<4250) -> FALSE | AI41: =IF(AB41<takeoffWT2,IF($AB41<$AR$5,$AC41<($AB41-$AR$32)/$AQ$32,FALSE),FALSE) -> FALSE | AJ41: =IF($AB41<$AR$5,$AC41>($AB41-$AR$33)/$AQ$33,FALSE) -> FALSE | AL41: =OR($AD41>$AQ$17,AND($AB41>$AR$16,$AD41>$AQ$16)) -> FALSE | AM41: =OR($AD41<$AQ$20,AND($AB41>$AR$16,$AD41<$AQ$21)) -> FALSE | AN41: =IF(OR(AL41:AM41),דלק!C38,"") | AP41: MID2 | AQ41: 5000 | AR41: 4500 | BA41: 190 | BB41: 38 | BH41: 3900 | BI41: -700
C42: =IF(INDIRECT("תצורות!A"&(LEFT($D$37,2)-1)*13+ROW(A5))=0,"",INDIRECT("תצורות!A"&(LEFT($D$37,2)-1)*13+ROW(A5))) -> כסא נוסע שמאל - שורה אמצעית | D42: =IF(INDIRECT("תצורות!A"&(LEFT($D$37,2)-1)*13+ROW(A5))=0,"",INDIRECT("תצורות!b"&(LEFT($D$37,2)-1)*13+ROW(A5))) -> 12.598 | E42: =IF(INDIRECT("תצורות!A"&(LEFT($D$37,2)-1)*13+ROW(A5))=0,"",INDIRECT("תצורות!c"&(LEFT($D$37,2)-1)*13+ROW(A5))) -> 4400 | F42: =IF(D42<>"",D42*E42,"") -> 55431.2 | G42: =IF(D42<>"",D42*H42,"") -> -4648.662 | H42: =IF(INDIRECT("תצורות!A"&(LEFT($D$37,2)-1)*13+ROW(A5))=0,"",INDIRECT("תצורות!d"&(LEFT($D$37,2)-1)*13+ROW(A5))) -> -369 | I42: =IF(INDIRECT("תצורות!A"&(LEFT($D$37,2)-1)*13+ROW(B5))=0,"",INT(INDIRECT("תצורות!E"&(LEFT($D$37,2)-1)*13+ROW(B5)))) -> 4 | T42: =IF($T$5+דלק!$C39>takoffweight+1,takoffweight,$T$5+דלק!$C39) -> 3069.602 | U42: =IF($T$5+דלק!$C39>takoffweight+1,INDIRECT(ADDRESS(ROW()-1,COLUMN())),($T$5*$U$5+דלק!$C39*דלק!$D39)/($T$5+דלק!$C39)) -> 4485.5676 | V42: =IF($T$5+דלק!$C39>takoffweight,INDIRECT(ADDRESS(ROW()-1,COLUMN())),($T$5*$V$5+דלק!$C39*דלק!$E39)/($T$5+דלק!$C39)) -> -4.8121474 | X42: =IF($T42<$AR$5,$U42<($T42-$AR$32)/$AQ$32,FALSE) -> FALSE | Y42: =IF($T42<$AR$5,$U42>($T42-$AR$33)/$AQ$33,FALSE) -> FALSE | Z42: =IF($Y42,דלק!$C39,"") | AA42: 370 | AB42: =IF($AB$5+דלק!$C39>takoffweight+1,takoffweight,$AB$5+דלק!$C39) -> 3069.602 | AC42: =IF($AB$5+דלק!$C39>takoffweight+1,INDIRECT(ADDRESS(ROW()-1,COLUMN())),($AB$5*$AC$5+דלק!$C39*דלק!$D39)/($AB$5+דלק!$C39)) -> 4485.5676 | AD42: =IF($AB$5+דלק!$C39>takoffweight,INDIRECT(ADDRESS(ROW()-1,COLUMN())),($AB$5*$AD$5+דלק!$C39*דלק!$E39)/($AB$5+דלק!$C39)) -> -4.8121474 | AF42: =IF($AH42,דלק!$C39,"") | AG42: =IF($AI42,דלק!$C39,"") | AH42: =OR($AC42<($AB42-$AR$34)/$AQ$34,$AC42<4250) -> FALSE | AI42: =IF(AB42<takeoffWT2,IF($AB42<$AR$5,$AC42<($AB42-$AR$32)/$AQ$32,FALSE),FALSE) -> FALSE | AJ42: =IF($AB42<$AR$5,$AC42>($AB42-$AR$33)/$AQ$33,FALSE) -> FALSE | AL42: =OR($AD42>$AQ$17,AND($AB42>$AR$16,$AD42>$AQ$16)) -> FALSE | AM42: =OR($AD42<$AQ$20,AND($AB42>$AR$16,$AD42<$AQ$21)) -> FALSE | AN42: =IF(OR(AL42:AM42),דלק!C39,"") | AP42: AFT1 | AQ42: 5500 | AR42: 5000 | BA42: 195 | BB42: 39 | BH42: 3950 | BI42: -750
C43: =IF(INDIRECT("תצורות!A"&(LEFT($D$37,2)-1)*13+ROW(A6))=0,"",INDIRECT("תצורות!A"&(LEFT($D$37,2)-1)*13+ROW(A6))) -> כסא נוסע ימין - שורה קדמית - פונה אחורה | D43: =IF(INDIRECT("תצורות!A"&(LEFT($D$37,2)-1)*13+ROW(A6))=0,"",INDIRECT("תצורות!b"&(LEFT($D$37,2)-1)*13+ROW(A6))) -> 12.598 | E43: =IF(INDIRECT("תצורות!A"&(LEFT($D$37,2)-1)*13+ROW(A6))=0,"",INDIRECT("תצורות!c"&(LEFT($D$37,2)-1)*13+ROW(A6))) -> 3265 | F43: =IF(D43<>"",D43*E43,"") -> 41132.47 | G43: =IF(D43<>"",D43*H43,"") -> 6928.9 | H43: =IF(INDIRECT("תצורות!A"&(LEFT($D$37,2)-1)*13+ROW(A6))=0,"",INDIRECT("תצורות!d"&(LEFT($D$37,2)-1)*13+ROW(A6))) -> 550 | I43: =IF(INDIRECT("תצורות!A"&(LEFT($D$37,2)-1)*13+ROW(B6))=0,"",INT(INDIRECT("תצורות!E"&(LEFT($D$37,2)-1)*13+ROW(B6)))) -> 3 | T43: =IF($T$5+דלק!$C40>takoffweight+1,takoffweight,$T$5+דלק!$C40) -> 3079.602 | U43: =IF($T$5+דלק!$C40>takoffweight+1,INDIRECT(ADDRESS(ROW()-1,COLUMN())),($T$5*$U$5+דלק!$C40*דלק!$D40)/($T$5+דלק!$C40)) -> 4485.7216 | V43: =IF($T$5+דלק!$C40>takoffweight,INDIRECT(ADDRESS(ROW()-1,COLUMN())),($T$5*$V$5+דלק!$C40*דלק!$E40)/($T$5+דלק!$C40)) -> -5.0335651 | X43: =IF($T43<$AR$5,$U43<($T43-$AR$32)/$AQ$32,FALSE) -> FALSE | Y43: =IF($T43<$AR$5,$U43>($T43-$AR$33)/$AQ$33,FALSE) -> FALSE | Z43: =IF($Y43,דלק!$C40,"") | AA43: 380 | AB43: =IF($AB$5+דלק!$C40>takoffweight+1,takoffweight,$AB$5+דלק!$C40) -> 3079.602 | AC43: =IF($AB$5+דלק!$C40>takoffweight+1,INDIRECT(ADDRESS(ROW()-1,COLUMN())),($AB$5*$AC$5+דלק!$C40*דלק!$D40)/($AB$5+דלק!$C40)) -> 4485.7216 | AD43: =IF($AB$5+דלק!$C40>takoffweight,INDIRECT(ADDRESS(ROW()-1,COLUMN())),($AB$5*$AD$5+דלק!$C40*דלק!$E40)/($AB$5+דלק!$C40)) -> -5.0335651 | AF43: =IF($AH43,דלק!$C40,"") | AG43: =IF($AI43,דלק!$C40,"") | AH43: =OR($AC43<($AB43-$AR$34)/$AQ$34,$AC43<4250) -> FALSE | AI43: =IF(AB43<takeoffWT2,IF($AB43<$AR$5,$AC43<($AB43-$AR$32)/$AQ$32,FALSE),FALSE) -> FALSE | AJ43: =IF($AB43<$AR$5,$AC43>($AB43-$AR$33)/$AQ$33,FALSE) -> FALSE | AL43: =OR($AD43>$AQ$17,AND($AB43>$AR$16,$AD43>$AQ$16)) -> FALSE | AM43: =OR($AD43<$AQ$20,AND($AB43>$AR$16,$AD43<$AQ$21)) -> FALSE | AN43: =IF(OR(AL43:AM43),דלק!C40,"") | AP43: AFT2 | AQ43: 6000 | AR43: 5500 | BA43: 200 | BB43: 40 | BH43: 4000 | BI43: -800
C44: =IF(INDIRECT("תצורות!A"&(LEFT($D$37,2)-1)*13+ROW(A7))=0,"",INDIRECT("תצורות!A"&(LEFT($D$37,2)-1)*13+ROW(A7))) | D44: =IF(INDIRECT("תצורות!A"&(LEFT($D$37,2)-1)*13+ROW(A7))=0,"",INDIRECT("תצורות!b"&(LEFT($D$37,2)-1)*13+ROW(A7))) | E44: =IF(INDIRECT("תצורות!A"&(LEFT($D$37,2)-1)*13+ROW(A7))=0,"",INDIRECT("תצורות!c"&(LEFT($D$37,2)-1)*13+ROW(A7))) | F44: =IF(D44<>"",D44*E44,"") | G44: =IF(D44<>"",D44*H44,"") | H44: =IF(INDIRECT("תצורות!A"&(LEFT($D$37,2)-1)*13+ROW(A7))=0,"",INDIRECT("תצורות!d"&(LEFT($D$37,2)-1)*13+ROW(A7))) | I44: =IF(INDIRECT("תצורות!A"&(LEFT($D$37,2)-1)*13+ROW(B7))=0,"",INT(INDIRECT("תצורות!E"&(LEFT($D$37,2)-1)*13+ROW(B7)))) | T44: =IF($T$5+דלק!$C41>takoffweight+1,takoffweight,$T$5+דלק!$C41) -> 3089.602 | U44: =IF($T$5+דלק!$C41>takoffweight+1,INDIRECT(ADDRESS(ROW()-1,COLUMN())),($T$5*$U$5+דלק!$C41*דלק!$D41)/($T$5+דלק!$C41)) -> 4485.907 | V44: =IF($T$5+דלק!$C41>takoffweight,INDIRECT(ADDRESS(ROW()-1,COLUMN())),($T$5*$V$5+דלק!$C41*דלק!$E41)/($T$5+דלק!$C41)) -> -5.1402664 | X44: =IF($T44<$AR$5,$U44<($T44-$AR$32)/$AQ$32,FALSE) -> FALSE | Y44: =IF($T44<$AR$5,$U44>($T44-$AR$33)/$AQ$33,FALSE) -> FALSE | Z44: =IF($Y44,דלק!$C41,"") | AA44: 390 | AB44: =IF($AB$5+דלק!$C41>takoffweight+1,takoffweight,$AB$5+דלק!$C41) -> 3089.602 | AC44: =IF($AB$5+דלק!$C41>takoffweight+1,INDIRECT(ADDRESS(ROW()-1,COLUMN())),($AB$5*$AC$5+דלק!$C41*דלק!$D41)/($AB$5+דלק!$C41)) -> 4485.907 | AD44: =IF($AB$5+דלק!$C41>takoffweight,INDIRECT(ADDRESS(ROW()-1,COLUMN())),($AB$5*$AD$5+דלק!$C41*דלק!$E41)/($AB$5+דלק!$C41)) -> -5.1402664 | AF44: =IF($AH44,דלק!$C41,"") | AG44: =IF($AI44,דלק!$C41,"") | AH44: =OR($AC44<($AB44-$AR$34)/$AQ$34,$AC44<4250) -> FALSE | AI44: =IF(AB44<takeoffWT2,IF($AB44<$AR$5,$AC44<($AB44-$AR$32)/$AQ$32,FALSE),FALSE) -> FALSE | AJ44: =IF($AB44<$AR$5,$AC44>($AB44-$AR$33)/$AQ$33,FALSE) -> FALSE | AL44: =OR($AD44>$AQ$17,AND($AB44>$AR$16,$AD44>$AQ$16)) -> FALSE | AM44: =OR($AD44<$AQ$20,AND($AB44>$AR$16,$AD44<$AQ$21)) -> FALSE | AN44: =IF(OR(AL44:AM44),דלק!C41,"") | BA44: 205 | BB44: 41 | BH44: 4050 | BI44: -850
C45: =IF(INDIRECT("תצורות!A"&(LEFT($D$37,2)-1)*13+ROW(A8))=0,"",INDIRECT("תצורות!A"&(LEFT($D$37,2)-1)*13+ROW(A8))) | D45: =IF(INDIRECT("תצורות!A"&(LEFT($D$37,2)-1)*13+ROW(A8))=0,"",INDIRECT("תצורות!b"&(LEFT($D$37,2)-1)*13+ROW(A8))) | E45: =IF(INDIRECT("תצורות!A"&(LEFT($D$37,2)-1)*13+ROW(A8))=0,"",INDIRECT("תצורות!c"&(LEFT($D$37,2)-1)*13+ROW(A8))) | F45: =IF(D45<>"",D45*E45,"") | G45: =IF(D45<>"",D45*H45,"") | H45: =IF(INDIRECT("תצורות!A"&(LEFT($D$37,2)-1)*13+ROW(A8))=0,"",INDIRECT("תצורות!d"&(LEFT($D$37,2)-1)*13+ROW(A8))) | I45: =IF(INDIRECT("תצורות!A"&(LEFT($D$37,2)-1)*13+ROW(B8))=0,"",INT(INDIRECT("תצורות!E"&(LEFT($D$37,2)-1)*13+ROW(B8)))) | T45: =IF($T$5+דלק!$C42>takoffweight+1,takoffweight,$T$5+דלק!$C42) -> 3099.602 | U45: =IF($T$5+דלק!$C42>takoffweight+1,INDIRECT(ADDRESS(ROW()-1,COLUMN())),($T$5*$U$5+דלק!$C42*דלק!$D42)/($T$5+דלק!$C42)) -> 4485.6073 | V45: =IF($T$5+דלק!$C42>takoffweight,INDIRECT(ADDRESS(ROW()-1,COLUMN())),($T$5*$V$5+דלק!$C42*דלק!$E42)/($T$5+דלק!$C42)) -> -5.1236827 | X45: =IF($T45<$AR$5,$U45<($T45-$AR$32)/$AQ$32,FALSE) -> FALSE | Y45: =IF($T45<$AR$5,$U45>($T45-$AR$33)/$AQ$33,FALSE) -> FALSE | Z45: =IF($Y45,דלק!$C42,"") | AA45: 400 | AB45: =IF($AB$5+דלק!$C42>takoffweight+1,takoffweight,$AB$5+דלק!$C42) -> 3099.602 | AC45: =IF($AB$5+דלק!$C42>takoffweight+1,INDIRECT(ADDRESS(ROW()-1,COLUMN())),($AB$5*$AC$5+דלק!$C42*דלק!$D42)/($AB$5+דלק!$C42)) -> 4485.6073 | AD45: =IF($AB$5+דלק!$C42>takoffweight,INDIRECT(ADDRESS(ROW()-1,COLUMN())),($AB$5*$AD$5+דלק!$C42*דלק!$E42)/($AB$5+דלק!$C42)) -> -5.1236827 | AF45: =IF($AH45,דלק!$C42,"") | AG45: =IF($AI45,דלק!$C42,"") | AH45: =OR($AC45<($AB45-$AR$34)/$AQ$34,$AC45<4250) -> FALSE | AI45: =IF(AB45<takeoffWT2,IF($AB45<$AR$5,$AC45<($AB45-$AR$32)/$AQ$32,FALSE),FALSE) -> FALSE | AJ45: =IF($AB45<$AR$5,$AC45>($AB45-$AR$33)/$AQ$33,FALSE) -> FALSE | AL45: =OR($AD45>$AQ$17,AND($AB45>$AR$16,$AD45>$AQ$16)) -> FALSE | AM45: =OR($AD45<$AQ$20,AND($AB45>$AR$16,$AD45<$AQ$21)) -> FALSE | AN45: =IF(OR(AL45:AM45),דלק!C42,"") | AP45: LAT LOADING TABLE | BA45: 210 | BB45: 42 | BH45: 4100 | BI45: -900
C46: =IF(INDIRECT("תצורות!A"&(LEFT($D$37,2)-1)*13+ROW(A9))=0,"",INDIRECT("תצורות!A"&(LEFT($D$37,2)-1)*13+ROW(A9))) | D46: =IF(INDIRECT("תצורות!A"&(LEFT($D$37,2)-1)*13+ROW(A9))=0,"",INDIRECT("תצורות!b"&(LEFT($D$37,2)-1)*13+ROW(A9))) | E46: =IF(INDIRECT("תצורות!A"&(LEFT($D$37,2)-1)*13+ROW(A9))=0,"",INDIRECT("תצורות!c"&(LEFT($D$37,2)-1)*13+ROW(A9))) | F46: =IF(D46<>"",D46*E46,"") | G46: =IF(D46<>"",D46*H46,"") | H46: =IF(INDIRECT("תצורות!A"&(LEFT($D$37,2)-1)*13+ROW(A9))=0,"",INDIRECT("תצורות!d"&(LEFT($D$37,2)-1)*13+ROW(A9))) | I46: =IF(INDIRECT("תצורות!A"&(LEFT($D$37,2)-1)*13+ROW(B9))=0,"",INT(INDIRECT("תצורות!E"&(LEFT($D$37,2)-1)*13+ROW(B9)))) | T46: =IF($T$5+דלק!$C43>takoffweight+1,takoffweight,$T$5+דלק!$C43) -> 3109.602 | U46: =IF($T$5+דלק!$C43>takoffweight+1,INDIRECT(ADDRESS(ROW()-1,COLUMN())),($T$5*$U$5+דלק!$C43*דלק!$D43)/($T$5+דלק!$C43)) -> 4485.3159 | V46: =IF($T$5+דלק!$C43>takoffweight,INDIRECT(ADDRESS(ROW()-1,COLUMN())),($T$5*$V$5+דלק!$C43*דלק!$E43)/($T$5+דלק!$C43)) -> -5.1072057 | X46: =IF($T46<$AR$5,$U46<($T46-$AR$32)/$AQ$32,FALSE) -> FALSE | Y46: =IF($T46<$AR$5,$U46>($T46-$AR$33)/$AQ$33,FALSE) -> FALSE | Z46: =IF($Y46,דלק!$C43,"") | AA46: 410 | AB46: =IF($AB$5+דלק!$C43>takoffweight+1,takoffweight,$AB$5+דלק!$C43) -> 3109.602 | AC46: =IF($AB$5+דלק!$C43>takoffweight+1,INDIRECT(ADDRESS(ROW()-1,COLUMN())),($AB$5*$AC$5+דלק!$C43*דלק!$D43)/($AB$5+דלק!$C43)) -> 4485.3159 | AD46: =IF($AB$5+דלק!$C43>takoffweight,INDIRECT(ADDRESS(ROW()-1,COLUMN())),($AB$5*$AD$5+דלק!$C43*דלק!$E43)/($AB$5+דלק!$C43)) -> -5.1072057 | AF46: =IF($AH46,דלק!$C43,"") | AG46: =IF($AI46,דלק!$C43,"") | AH46: =OR($AC46<($AB46-$AR$34)/$AQ$34,$AC46<4250) -> FALSE | AI46: =IF(AB46<takeoffWT2,IF($AB46<$AR$5,$AC46<($AB46-$AR$32)/$AQ$32,FALSE),FALSE) -> FALSE | AJ46: =IF($AB46<$AR$5,$AC46>($AB46-$AR$33)/$AQ$33,FALSE) -> FALSE | AL46: =OR($AD46>$AQ$17,AND($AB46>$AR$16,$AD46>$AQ$16)) -> FALSE | AM46: =OR($AD46<$AQ$20,AND($AB46>$AR$16,$AD46<$AQ$21)) -> FALSE | AN46: =IF(OR(AL46:AM46),דלק!C43,"") | AP46: RIGHT | AQ46: 550 | BA46: 215 | BB46: 43 | BH46: 4150 | BI46: -950
C47: =IF(INDIRECT("תצורות!A"&(LEFT($D$37,2)-1)*13+ROW(A10))=0,"",INDIRECT("תצורות!A"&(LEFT($D$37,2)-1)*13+ROW(A10))) | D47: =IF(INDIRECT("תצורות!A"&(LEFT($D$37,2)-1)*13+ROW(A10))=0,"",INDIRECT("תצורות!b"&(LEFT($D$37,2)-1)*13+ROW(A10))) | E47: =IF(INDIRECT("תצורות!A"&(LEFT($D$37,2)-1)*13+ROW(A10))=0,"",INDIRECT("תצורות!c"&(LEFT($D$37,2)-1)*13+ROW(A10))) | F47: =IF(D47<>"",D47*E47,"") | G47: =IF(D47<>"",D47*H47,"") | H47: =IF(INDIRECT("תצורות!A"&(LEFT($D$37,2)-1)*13+ROW(A10))=0,"",INDIRECT("תצורות!d"&(LEFT($D$37,2)-1)*13+ROW(A10))) | I47: =IF(INDIRECT("תצורות!A"&(LEFT($D$37,2)-1)*13+ROW(B10))=0,"",INT(INDIRECT("תצורות!E"&(LEFT($D$37,2)-1)*13+ROW(B10)))) | T47: =IF($T$5+דלק!$C44>takoffweight+1,takoffweight,$T$5+דלק!$C44) -> 3119.602 | U47: =IF($T$5+דלק!$C44>takoffweight+1,INDIRECT(ADDRESS(ROW()-1,COLUMN())),($T$5*$U$5+דלק!$C44*דלק!$D44)/($T$5+דלק!$C44)) -> 4484.8982 | V47: =IF($T$5+דלק!$C44>takoffweight,INDIRECT(ADDRESS(ROW()-1,COLUMN())),($T$5*$V$5+דלק!$C44*דלק!$E44)/($T$5+דלק!$C44)) -> -5.0908344 | X47: =IF($T47<$AR$5,$U47<($T47-$AR$32)/$AQ$32,FALSE) -> FALSE | Y47: =IF($T47<$AR$5,$U47>($T47-$AR$33)/$AQ$33,FALSE) -> FALSE | Z47: =IF($Y47,דלק!$C44,"") | AA47: 420 | AB47: =IF($AB$5+דלק!$C44>takoffweight+1,takoffweight,$AB$5+דלק!$C44) -> 3119.602 | AC47: =IF($AB$5+דלק!$C44>takoffweight+1,INDIRECT(ADDRESS(ROW()-1,COLUMN())),($AB$5*$AC$5+דלק!$C44*דלק!$D44)/($AB$5+דלק!$C44)) -> 4484.8982 | AD47: =IF($AB$5+דלק!$C44>takoffweight,INDIRECT(ADDRESS(ROW()-1,COLUMN())),($AB$5*$AD$5+דלק!$C44*דלק!$E44)/($AB$5+דלק!$C44)) -> -5.0908344 | AF47: =IF($AH47,דלק!$C44,"") | AG47: =IF($AI47,דלק!$C44,"") | AH47: =OR($AC47<($AB47-$AR$34)/$AQ$34,$AC47<4250) -> FALSE | AI47: =IF(AB47<takeoffWT2,IF($AB47<$AR$5,$AC47<($AB47-$AR$32)/$AQ$32,FALSE),FALSE) -> FALSE | AJ47: =IF($AB47<$AR$5,$AC47>($AB47-$AR$33)/$AQ$33,FALSE) -> FALSE | AL47: =OR($AD47>$AQ$17,AND($AB47>$AR$16,$AD47>$AQ$16)) -> FALSE | AM47: =OR($AD47<$AQ$20,AND($AB47>$AR$16,$AD47<$AQ$21)) -> FALSE | AN47: =IF(OR(AL47:AM47),דלק!C44,"") | AP47: CENTER | AQ47: 0 | BA47: 220 | BB47: 44 | BH47: 4200 | BI47: -1000
C48: =IF(INDIRECT("תצורות!A"&(LEFT($D$37,2)-1)*13+ROW(A11))=0,"",INDIRECT("תצורות!A"&(LEFT($D$37,2)-1)*13+ROW(A11))) | D48: =IF(INDIRECT("תצורות!A"&(LEFT($D$37,2)-1)*13+ROW(A11))=0,"",INDIRECT("תצורות!b"&(LEFT($D$37,2)-1)*13+ROW(A11))) | E48: =IF(INDIRECT("תצורות!A"&(LEFT($D$37,2)-1)*13+ROW(A11))=0,"",INDIRECT("תצורות!c"&(LEFT($D$37,2)-1)*13+ROW(A11))) | F48: =IF(D48<>"",D48*E48,"") | G48: =IF(D48<>"",D48*H48,"") | H48: =IF(INDIRECT("תצורות!A"&(LEFT($D$37,2)-1)*13+ROW(A11))=0,"",INDIRECT("תצורות!d"&(LEFT($D$37,2)-1)*13+ROW(A11))) | I48: =IF(INDIRECT("תצורות!A"&(LEFT($D$37,2)-1)*13+ROW(B11))=0,"",INT(INDIRECT("תצורות!E"&(LEFT($D$37,2)-1)*13+ROW(B11)))) | T48: =IF($T$5+דלק!$C45>takoffweight+1,takoffweight,$T$5+דלק!$C45) -> 3129.602 | U48: =IF($T$5+דלק!$C45>takoffweight+1,INDIRECT(ADDRESS(ROW()-1,COLUMN())),($T$5*$U$5+דלק!$C45*דלק!$D45)/($T$5+דלק!$C45)) -> 4484.6205 | V48: =IF($T$5+דלק!$C45>takoffweight,INDIRECT(ADDRESS(ROW()-1,COLUMN())),($T$5*$V$5+דלק!$C45*דלק!$E45)/($T$5+דלק!$C45)) -> -5.0745677 | X48: =IF($T48<$AR$5,$U48<($T48-$AR$32)/$AQ$32,FALSE) -> FALSE | Y48: =IF($T48<$AR$5,$U48>($T48-$AR$33)/$AQ$33,FALSE) -> FALSE | Z48: =IF($Y48,דלק!$C45,"") | AA48: 430 | AB48: =IF($AB$5+דלק!$C45>takoffweight+1,takoffweight,$AB$5+דלק!$C45) -> 3129.602 | AC48: =IF($AB$5+דלק!$C45>takoffweight+1,INDIRECT(ADDRESS(ROW()-1,COLUMN())),($AB$5*$AC$5+דלק!$C45*דלק!$D45)/($AB$5+דלק!$C45)) -> 4484.6205 | AD48: =IF($AB$5+דלק!$C45>takoffweight,INDIRECT(ADDRESS(ROW()-1,COLUMN())),($AB$5*$AD$5+דלק!$C45*דלק!$E45)/($AB$5+דלק!$C45)) -> -5.0745677 | AF48: =IF($AH48,דלק!$C45,"") | AG48: =IF($AI48,דלק!$C45,"") | AH48: =OR($AC48<($AB48-$AR$34)/$AQ$34,$AC48<4250) -> FALSE | AI48: =IF(AB48<takeoffWT2,IF($AB48<$AR$5,$AC48<($AB48-$AR$32)/$AQ$32,FALSE),FALSE) -> FALSE | AJ48: =IF($AB48<$AR$5,$AC48>($AB48-$AR$33)/$AQ$33,FALSE) -> FALSE | AL48: =OR($AD48>$AQ$17,AND($AB48>$AR$16,$AD48>$AQ$16)) -> FALSE | AM48: =OR($AD48<$AQ$20,AND($AB48>$AR$16,$AD48<$AQ$21)) -> FALSE | AN48: =IF(OR(AL48:AM48),דלק!C45,"") | AP48: LEFT | AQ48: -550 | BA48: 225 | BB48: 45 | BH48: 4250 | BI48: -1050
C49: =IF(INDIRECT("תצורות!A"&(LEFT($D$37,2)-1)*13+ROW(A12))=0,"",INDIRECT("תצורות!A"&(LEFT($D$37,2)-1)*13+ROW(A12))) | D49: =IF(INDIRECT("תצורות!A"&(LEFT($D$37,2)-1)*13+ROW(A12))=0,"",INDIRECT("תצורות!b"&(LEFT($D$37,2)-1)*13+ROW(A12))) | E49: =IF(INDIRECT("תצורות!A"&(LEFT($D$37,2)-1)*13+ROW(A12))=0,"",INDIRECT("תצורות!c"&(LEFT($D$37,2)-1)*13+ROW(A12))) | F49: =IF(D49<>"",D49*E49,"") | G49: =IF(D49<>"",D49*H49,"") | H49: =IF(INDIRECT("תצורות!A"&(LEFT($D$37,2)-1)*13+ROW(A12))=0,"",INDIRECT("תצורות!d"&(LEFT($D$37,2)-1)*13+ROW(A12))) | I49: =IF(INDIRECT("תצורות!A"&(LEFT($D$37,2)-1)*13+ROW(B12))=0,"",INT(INDIRECT("תצורות!E"&(LEFT($D$37,2)-1)*13+ROW(B12)))) | T49: =IF($T$5+דלק!$C46>takoffweight+1,takoffweight,$T$5+דלק!$C46) -> 3139.602 | U49: =IF($T$5+דלק!$C46>takoffweight+1,INDIRECT(ADDRESS(ROW()-1,COLUMN())),($T$5*$U$5+דלק!$C46*דלק!$D46)/($T$5+דלק!$C46)) -> 4484.351 | V49: =IF($T$5+דלק!$C46>takoffweight,INDIRECT(ADDRESS(ROW()-1,COLUMN())),($T$5*$V$5+דלק!$C46*דלק!$E46)/($T$5+דלק!$C46)) -> -5.0584046 | X49: =IF($T49<$AR$5,$U49<($T49-$AR$32)/$AQ$32,FALSE) -> FALSE | Y49: =IF($T49<$AR$5,$U49>($T49-$AR$33)/$AQ$33,FALSE) -> FALSE | Z49: =IF($Y49,דלק!$C46,"") | AA49: 440 | AB49: =IF($AB$5+דלק!$C46>takoffweight+1,takoffweight,$AB$5+דלק!$C46) -> 3139.602 | AC49: =IF($AB$5+דלק!$C46>takoffweight+1,INDIRECT(ADDRESS(ROW()-1,COLUMN())),($AB$5*$AC$5+דלק!$C46*דלק!$D46)/($AB$5+דלק!$C46)) -> 4484.351 | AD49: =IF($AB$5+דלק!$C46>takoffweight,INDIRECT(ADDRESS(ROW()-1,COLUMN())),($AB$5*$AD$5+דלק!$C46*דלק!$E46)/($AB$5+דלק!$C46)) -> -5.0584046 | AF49: =IF($AH49,דלק!$C46,"") | AG49: =IF($AI49,דלק!$C46,"") | AH49: =OR($AC49<($AB49-$AR$34)/$AQ$34,$AC49<4250) -> FALSE | AI49: =IF(AB49<takeoffWT2,IF($AB49<$AR$5,$AC49<($AB49-$AR$32)/$AQ$32,FALSE),FALSE) -> FALSE | AJ49: =IF($AB49<$AR$5,$AC49>($AB49-$AR$33)/$AQ$33,FALSE) -> FALSE | AL49: =OR($AD49>$AQ$17,AND($AB49>$AR$16,$AD49>$AQ$16)) -> FALSE | AM49: =OR($AD49<$AQ$20,AND($AB49>$AR$16,$AD49<$AQ$21)) -> FALSE | AN49: =IF(OR(AL49:AM49),דלק!C46,"") | BA49: 230 | BB49: 46 | BH49: 4300 | BI49: -1100
C50: =IF(INDIRECT("תצורות!A"&(LEFT($D$37,2)-1)*13+ROW(A13))=0,"",INDIRECT("תצורות!A"&(LEFT($D$37,2)-1)*13+ROW(A13))) | D50: =IF(INDIRECT("תצורות!A"&(LEFT($D$37,2)-1)*13+ROW(A13))=0,"",INDIRECT("תצורות!b"&(LEFT($D$37,2)-1)*13+ROW(A13))) | E50: =IF(INDIRECT("תצורות!A"&(LEFT($D$37,2)-1)*13+ROW(A13))=0,"",INDIRECT("תצורות!c"&(LEFT($D$37,2)-1)*13+ROW(A13))) | F50: =IF(D50<>"",D50*E50,"") | G50: =IF(D50<>"",D50*H50,"") | H50: =IF(INDIRECT("תצורות!A"&(LEFT($D$37,2)-1)*13+ROW(A13))=0,"",INDIRECT("תצורות!d"&(LEFT($D$37,2)-1)*13+ROW(A13))) | I50: =IF(INDIRECT("תצורות!A"&(LEFT($D$37,2)-1)*13+ROW(B13))=0,"",INT(INDIRECT("תצורות!E"&(LEFT($D$37,2)-1)*13+ROW(B13)))) | T50: =IF($T$5+דלק!$C47>takoffweight+1,takoffweight,$T$5+דלק!$C47) -> 3149.602 | U50: =IF($T$5+דלק!$C47>takoffweight+1,INDIRECT(ADDRESS(ROW()-1,COLUMN())),($T$5*$U$5+דלק!$C47*דלק!$D47)/($T$5+דלק!$C47)) -> 4484.0895 | V50: =IF($T$5+דלק!$C47>takoffweight,INDIRECT(ADDRESS(ROW()-1,COLUMN())),($T$5*$V$5+דלק!$C47*דלק!$E47)/($T$5+דלק!$C47)) -> -5.0423441 | X50: =IF($T50<$AR$5,$U50<($T50-$AR$32)/$AQ$32,FALSE) -> FALSE | Y50: =IF($T50<$AR$5,$U50>($T50-$AR$33)/$AQ$33,FALSE) -> FALSE | Z50: =IF($Y50,דלק!$C47,"") | AA50: 450 | AB50: =IF($AB$5+דלק!$C47>takoffweight+1,takoffweight,$AB$5+דלק!$C47) -> 3149.602 | AC50: =IF($AB$5+דלק!$C47>takoffweight+1,INDIRECT(ADDRESS(ROW()-1,COLUMN())),($AB$5*$AC$5+דלק!$C47*דלק!$D47)/($AB$5+דלק!$C47)) -> 4484.0895 | AD50: =IF($AB$5+דלק!$C47>takoffweight,INDIRECT(ADDRESS(ROW()-1,COLUMN())),($AB$5*$AD$5+דלק!$C47*דלק!$E47)/($AB$5+דלק!$C47)) -> -5.0423441 | AF50: =IF($AH50,דלק!$C47,"") | AG50: =IF($AI50,דלק!$C47,"") | AH50: =OR($AC50<($AB50-$AR$34)/$AQ$34,$AC50<4250) -> FALSE | AI50: =IF(AB50<takeoffWT2,IF($AB50<$AR$5,$AC50<($AB50-$AR$32)/$AQ$32,FALSE),FALSE) -> FALSE | AJ50: =IF($AB50<$AR$5,$AC50>($AB50-$AR$33)/$AQ$33,FALSE) -> FALSE | AL50: =OR($AD50>$AQ$17,AND($AB50>$AR$16,$AD50>$AQ$16)) -> FALSE | AM50: =OR($AD50<$AQ$20,AND($AB50>$AR$16,$AD50<$AQ$21)) -> FALSE | AN50: =IF(OR(AL50:AM50),דלק!C47,"") | BA50: 235 | BB50: 47 | BH50: 4350 | BI50: -1150
C51: =IF(INDIRECT("תצורות!A"&(LEFT($D$37,2)-1)*13+ROW(A14))=0,"",INDIRECT("תצורות!A"&(LEFT($D$37,2)-1)*13+ROW(A14))) | D51: =IF(INDIRECT("תצורות!A"&(LEFT($D$37,2)-1)*13+ROW(A14))=0,"",INDIRECT("תצורות!b"&(LEFT($D$37,2)-1)*13+ROW(A14))) | E51: =IF(INDIRECT("תצורות!A"&(LEFT($D$37,2)-1)*13+ROW(A14))=0,"",INDIRECT("תצורות!c"&(LEFT($D$37,2)-1)*13+ROW(A14))) | F51: =IF(D51<>"",D51*E51,"") | G51: =IF(D51<>"",D51*H51,"") | H51: =IF(INDIRECT("תצורות!A"&(LEFT($D$37,2)-1)*13+ROW(A14))=0,"",INDIRECT("תצורות!d"&(LEFT($D$37,2)-1)*13+ROW(A14))) | I51: =IF(INDIRECT("תצורות!A"&(LEFT($D$37,2)-1)*13+ROW(B14))=0,"",INT(INDIRECT("תצורות!E"&(LEFT($D$37,2)-1)*13+ROW(B14)))) | T51: =IF($T$5+דלק!$C48>takoffweight+1,takoffweight,$T$5+דלק!$C48) -> 3159.602 | U51: =IF($T$5+דלק!$C48>takoffweight+1,INDIRECT(ADDRESS(ROW()-1,COLUMN())),($T$5*$U$5+דלק!$C48*דלק!$D48)/($T$5+דלק!$C48)) -> 4483.6904 | V51: =IF($T$5+דלק!$C48>takoffweight,INDIRECT(ADDRESS(ROW()-1,COLUMN())),($T$5*$V$5+דלק!$C48*דלק!$E48)/($T$5+דלק!$C48)) -> -5.0263853 | X51: =IF($T51<$AR$5,$U51<($T51-$AR$32)/$AQ$32,FALSE) -> FALSE | Y51: =IF($T51<$AR$5,$U51>($T51-$AR$33)/$AQ$33,FALSE) -> FALSE | Z51: =IF($Y51,דלק!$C48,"") | AA51: 460 | AB51: =IF($AB$5+דלק!$C48>takoffweight+1,takoffweight,$AB$5+דלק!$C48) -> 3159.602 | AC51: =IF($AB$5+דלק!$C48>takoffweight+1,INDIRECT(ADDRESS(ROW()-1,COLUMN())),($AB$5*$AC$5+דלק!$C48*דלק!$D48)/($AB$5+דלק!$C48)) -> 4483.6904 | AD51: =IF($AB$5+דלק!$C48>takoffweight,INDIRECT(ADDRESS(ROW()-1,COLUMN())),($AB$5*$AD$5+דלק!$C48*דלק!$E48)/($AB$5+דלק!$C48)) -> -5.0263853 | AF51: =IF($AH51,דלק!$C48,"") | AG51: =IF($AI51,דלק!$C48,"") | AH51: =OR($AC51<($AB51-$AR$34)/$AQ$34,$AC51<4250) -> FALSE | AI51: =IF(AB51<takeoffWT2,IF($AB51<$AR$5,$AC51<($AB51-$AR$32)/$AQ$32,FALSE),FALSE) -> FALSE | AJ51: =IF($AB51<$AR$5,$AC51>($AB51-$AR$33)/$AQ$33,FALSE) -> FALSE | AL51: =OR($AD51>$AQ$17,AND($AB51>$AR$16,$AD51>$AQ$16)) -> FALSE | AM51: =OR($AD51<$AQ$20,AND($AB51>$AR$16,$AD51<$AQ$21)) -> FALSE | AN51: =IF(OR(AL51:AM51),דלק!C48,"") | AP51: TOTAL EQUIP | BA51: 240 | BB51: 48 | BH51: 4400 | BI51: -1200
D52: כסאות | E52: =COUNTIFS($D$40:$D$51,">9",$D$40:$D$51,"<13") -> 4 | T52: =IF($T$5+דלק!$C49>takoffweight+1,takoffweight,$T$5+דלק!$C49) -> 3169.602 | U52: =IF($T$5+דלק!$C49>takoffweight+1,INDIRECT(ADDRESS(ROW()-1,COLUMN())),($T$5*$U$5+דלק!$C49*דלק!$D49)/($T$5+דלק!$C49)) -> 4483.4422 | V52: =IF($T$5+דלק!$C49>takoffweight,INDIRECT(ADDRESS(ROW()-1,COLUMN())),($T$5*$V$5+דלק!$C49*דלק!$E49)/($T$5+דלק!$C49)) -> -5.0105273 | X52: =IF($T52<$AR$5,$U52<($T52-$AR$32)/$AQ$32,FALSE) -> FALSE | Y52: =IF($T52<$AR$5,$U52>($T52-$AR$33)/$AQ$33,FALSE) -> FALSE | Z52: =IF($Y52,דלק!$C49,"") | AA52: 470 | AB52: =IF($AB$5+דלק!$C49>takoffweight+1,takoffweight,$AB$5+דלק!$C49) -> 3169.602 | AC52: =IF($AB$5+דלק!$C49>takoffweight+1,INDIRECT(ADDRESS(ROW()-1,COLUMN())),($AB$5*$AC$5+דלק!$C49*דלק!$D49)/($AB$5+דלק!$C49)) -> 4483.4422 | AD52: =IF($AB$5+דלק!$C49>takoffweight,INDIRECT(ADDRESS(ROW()-1,COLUMN())),($AB$5*$AD$5+דלק!$C49*דלק!$E49)/($AB$5+דלק!$C49)) -> -5.0105273 | AF52: =IF($AH52,דלק!$C49,"") | AG52: =IF($AI52,דלק!$C49,"") | AH52: =OR($AC52<($AB52-$AR$34)/$AQ$34,$AC52<4250) -> FALSE | AI52: =IF(AB52<takeoffWT2,IF($AB52<$AR$5,$AC52<($AB52-$AR$32)/$AQ$32,FALSE),FALSE) -> FALSE | AJ52: =IF($AB52<$AR$5,$AC52>($AB52-$AR$33)/$AQ$33,FALSE) -> FALSE | AL52: =OR($AD52>$AQ$17,AND($AB52>$AR$16,$AD52>$AQ$16)) -> FALSE | AM52: =OR($AD52<$AQ$20,AND($AB52>$AR$16,$AD52<$AQ$21)) -> FALSE | AN52: =IF(OR(AL52:AM52),דלק!C49,"") | AQ52: WEIGHT | AR52: AVG ARM | BA52: 245 | BB52: 49 | BH52: 4450
D53: פלסיב | E53: =COUNTIFS($D$40:$D$51,">5",$D$40:$D$51,"<8") -> 0 | T53: =IF($T$5+דלק!$C50>takoffweight+1,takoffweight,$T$5+דלק!$C50) -> 3179.602 | U53: =IF($T$5+דלק!$C50>takoffweight+1,INDIRECT(ADDRESS(ROW()-1,COLUMN())),($T$5*$U$5+דלק!$C50*דלק!$D50)/($T$5+דלק!$C50)) -> 4483.2018 | V53: =IF($T$5+דלק!$C50>takoffweight,INDIRECT(ADDRESS(ROW()-1,COLUMN())),($T$5*$V$5+דלק!$C50*דלק!$E50)/($T$5+דלק!$C50)) -> -4.9947689 | X53: =IF($T53<$AR$5,$U53<($T53-$AR$32)/$AQ$32,FALSE) -> FALSE | Y53: =IF($T53<$AR$5,$U53>($T53-$AR$33)/$AQ$33,FALSE) -> FALSE | Z53: =IF($Y53,דלק!$C50,"") | AA53: 480 | AB53: =IF($AB$5+דלק!$C50>takoffweight+1,takoffweight,$AB$5+דלק!$C50) -> 3179.602 | AC53: =IF($AB$5+דלק!$C50>takoffweight+1,INDIRECT(ADDRESS(ROW()-1,COLUMN())),($AB$5*$AC$5+דלק!$C50*דלק!$D50)/($AB$5+דלק!$C50)) -> 4483.2018 | AD53: =IF($AB$5+דלק!$C50>takoffweight,INDIRECT(ADDRESS(ROW()-1,COLUMN())),($AB$5*$AD$5+דלק!$C50*דלק!$E50)/($AB$5+דלק!$C50)) -> -4.9947689 | AF53: =IF($AH53,דלק!$C50,"") | AG53: =IF($AI53,דלק!$C50,"") | AH53: =OR($AC53<($AB53-$AR$34)/$AQ$34,$AC53<4250) -> FALSE | AI53: =IF(AB53<takeoffWT2,IF($AB53<$AR$5,$AC53<($AB53-$AR$32)/$AQ$32,FALSE),FALSE) -> FALSE | AJ53: =IF($AB53<$AR$5,$AC53>($AB53-$AR$33)/$AQ$33,FALSE) -> FALSE | AL53: =OR($AD53>$AQ$17,AND($AB53>$AR$16,$AD53>$AQ$16)) -> FALSE | AM53: =OR($AD53<$AQ$20,AND($AB53>$AR$16,$AD53<$AQ$21)) -> FALSE | AN53: =IF(OR(AL53:AM53),דלק!C50,"") | AP53: FWD | AQ53: =SUM($L$30:$L$33)+0.1 -> 0.1 | AR53: =(SUM($P$30:$P$33))/$AQ$53 -> 0 | BA53: 250 | BB53: 50 | BH53: 4500
C54: WEIGHT WITHOUT FUEL | T54: =IF($T$5+דלק!$C51>takoffweight+1,takoffweight,$T$5+דלק!$C51) -> 3189.602 | U54: =IF($T$5+דלק!$C51>takoffweight+1,INDIRECT(ADDRESS(ROW()-1,COLUMN())),($T$5*$U$5+דלק!$C51*דלק!$D51)/($T$5+דלק!$C51)) -> 4482.8155 | V54: =IF($T$5+דלק!$C51>takoffweight,INDIRECT(ADDRESS(ROW()-1,COLUMN())),($T$5*$V$5+דלק!$C51*דלק!$E51)/($T$5+דלק!$C51)) -> -4.9791094 | X54: =IF($T54<$AR$5,$U54<($T54-$AR$32)/$AQ$32,FALSE) -> FALSE | Y54: =IF($T54<$AR$5,$U54>($T54-$AR$33)/$AQ$33,FALSE) -> FALSE | Z54: =IF($Y54,דלק!$C51,"") | AA54: 490 | AB54: =IF($AB$5+דלק!$C51>takoffweight+1,takoffweight,$AB$5+דלק!$C51) -> 3189.602 | AC54: =IF($AB$5+דלק!$C51>takoffweight+1,INDIRECT(ADDRESS(ROW()-1,COLUMN())),($AB$5*$AC$5+דלק!$C51*דלק!$D51)/($AB$5+דלק!$C51)) -> 4482.8155 | AD54: =IF($AB$5+דלק!$C51>takoffweight,INDIRECT(ADDRESS(ROW()-1,COLUMN())),($AB$5*$AD$5+דלק!$C51*דלק!$E51)/($AB$5+דלק!$C51)) -> -4.9791094 | AF54: =IF($AH54,דלק!$C51,"") | AG54: =IF($AI54,דלק!$C51,"") | AH54: =OR($AC54<($AB54-$AR$34)/$AQ$34,$AC54<4250) -> FALSE | AI54: =IF(AB54<takeoffWT2,IF($AB54<$AR$5,$AC54<($AB54-$AR$32)/$AQ$32,FALSE),FALSE) -> FALSE | AJ54: =IF($AB54<$AR$5,$AC54>($AB54-$AR$33)/$AQ$33,FALSE) -> FALSE | AL54: =OR($AD54>$AQ$17,AND($AB54>$AR$16,$AD54>$AQ$16)) -> FALSE | AM54: =OR($AD54<$AQ$20,AND($AB54>$AR$16,$AD54<$AQ$21)) -> FALSE | AN54: =IF(OR(AL54:AM54),דלק!C51,"") | AP54: AFT | AR54: =(SUM($N$30:$N$33))/$AQ$53 -> 0 | BA54: 255 | BB54: 51 | BH54: 4550
C55: מסוק | D55: משקל | E55: LONG ARM | F55: מומנט אורכי | G55: מומנט רוחבי | H55: LAT ARM | T55: =IF($T$5+דלק!$C52>takoffweight+1,takoffweight,$T$5+דלק!$C52) -> 3199.602 | U55: =IF($T$5+דלק!$C52>takoffweight+1,INDIRECT(ADDRESS(ROW()-1,COLUMN())),($T$5*$U$5+דלק!$C52*דלק!$D52)/($T$5+דלק!$C52)) -> 4482.5879 | V55: =IF($T$5+דלק!$C52>takoffweight,INDIRECT(ADDRESS(ROW()-1,COLUMN())),($T$5*$V$5+דלק!$C52*דלק!$E52)/($T$5+דלק!$C52)) -> -5.1198172 | X55: =IF($T55<$AR$5,$U55<($T55-$AR$32)/$AQ$32,FALSE) -> FALSE | Y55: =IF($T55<$AR$5,$U55>($T55-$AR$33)/$AQ$33,FALSE) -> FALSE | Z55: =IF($Y55,דלק!$C52,"") | AA55: 500 | AB55: =IF($AB$5+דלק!$C52>takoffweight+1,takoffweight,$AB$5+דלק!$C52) -> 3199.602 | AC55: =IF($AB$5+דלק!$C52>takoffweight+1,INDIRECT(ADDRESS(ROW()-1,COLUMN())),($AB$5*$AC$5+דלק!$C52*דלק!$D52)/($AB$5+דלק!$C52)) -> 4482.5879 | AD55: =IF($AB$5+דלק!$C52>takoffweight,INDIRECT(ADDRESS(ROW()-1,COLUMN())),($AB$5*$AD$5+דלק!$C52*דלק!$E52)/($AB$5+דלק!$C52)) -> -5.1198172 | AF55: =IF($AH55,דלק!$C52,"") | AG55: =IF($AI55,דלק!$C52,"") | AH55: =OR($AC55<($AB55-$AR$34)/$AQ$34,$AC55<4250) -> FALSE | AI55: =IF(AB55<takeoffWT2,IF($AB55<$AR$5,$AC55<($AB55-$AR$32)/$AQ$32,FALSE),FALSE) -> FALSE | AJ55: =IF($AB55<$AR$5,$AC55>($AB55-$AR$33)/$AQ$33,FALSE) -> FALSE | AL55: =OR($AD55>$AQ$17,AND($AB55>$AR$16,$AD55>$AQ$16)) -> FALSE | AM55: =OR($AD55<$AQ$20,AND($AB55>$AR$16,$AD55<$AQ$21)) -> FALSE | AN55: =IF(OR(AL55:AM55),דלק!C52,"") | BA55: 260 | BB55: 52 | BH55: 4600
C56: BMO | D56: =$D$7+SUMIF($D$12:$D$13,"<>",$D$12:$D$13)+SUMIF($D$17:$D$35,"<>",$D$17:$D$35)+SUMIF($D$40:$D$51,"<>",$D$40:$D$51)+SUMIF($L$29:$L$35,"<>",$L$29:$L$35)+SUMIF($L$7:$L$19,"<>",$L$7:$L$19)+SUMIF($L$23:$L$25,"<>",$L$23:$L$25) -> 2703.102 | E56: =F56/D56 -> 4505.4299 | F56: =F7+SUMIF(F$12:F$13,"<>",F$12:F$13)+SUMIF(F$17:F$35,"<>",F$17:F$35)+SUMIF(F$40:F$51,"<>",F$40:F$51)+SUMIF(N$29:N$35,"<>",N$29:N$35)+SUMIF(N$7:N$19,"<>",N$7:N$19)+SUMIF($N$23:$N$25,"<>",$N$23:$N$25) -> 12178637 | G56: =G7+SUMIF(G$12:G$13,"<>",G$12:G$13)+SUMIF(G$17:G$35,"<>",G$17:G$35)+SUMIF(G$40:G$51,"<>",G$40:G$51)+SUMIF(Q$29:Q$35,"<>",Q$29:Q$35)+SUMIF(O$7:O$19,"<>",O$7:O$19)+SUMIF($O$23:$O$25,"<>",$O$23:$O$25) -> -24280.308 | H56: =G56/D56 -> -8.982387 | T56: =IF($T$5+דלק!$C53>takoffweight+1,takoffweight,$T$5+דלק!$C53) -> 3200 | U56: =IF($T$5+דלק!$C53>takoffweight+1,INDIRECT(ADDRESS(ROW()-1,COLUMN())),($T$5*$U$5+דלק!$C53*דלק!$D53)/($T$5+דלק!$C53)) -> 4482.5879 | V56: =IF($T$5+דלק!$C53>takoffweight,INDIRECT(ADDRESS(ROW()-1,COLUMN())),($T$5*$V$5+דלק!$C53*דלק!$E53)/($T$5+דלק!$C53)) -> -5.1198172 | X56: =IF($T56<$AR$5,$U56<($T56-$AR$32)/$AQ$32,FALSE) -> FALSE | Y56: =IF($T56<$AR$5,$U56>($T56-$AR$33)/$AQ$33,FALSE) -> FALSE | Z56: =IF($Y56,דלק!$C53,"") | AA56: 510 | AB56: =IF($AB$5+דלק!$C53>takoffweight+1,takoffweight,$AB$5+דלק!$C53) -> 3200 | AC56: =IF($AB$5+דלק!$C53>takoffweight+1,INDIRECT(ADDRESS(ROW()-1,COLUMN())),($AB$5*$AC$5+דלק!$C53*דלק!$D53)/($AB$5+דלק!$C53)) -> 4482.5879 | AD56: =IF($AB$5+דלק!$C53>takoffweight,INDIRECT(ADDRESS(ROW()-1,COLUMN())),($AB$5*$AD$5+דלק!$C53*דלק!$E53)/($AB$5+דלק!$C53)) -> -5.1198172 | AF56: =IF($AH56,דלק!$C53,"") | AG56: =IF($AI56,דלק!$C53,"") | AH56: =OR($AC56<($AB56-$AR$34)/$AQ$34,$AC56<4250) -> FALSE | AI56: =IF(AB56<takeoffWT2,IF($AB56<$AR$5,$AC56<($AB56-$AR$32)/$AQ$32,FALSE),FALSE) -> FALSE | AJ56: =IF($AB56<$AR$5,$AC56>($AB56-$AR$33)/$AQ$33,FALSE) -> FALSE | AL56: =OR($AD56>$AQ$17,AND($AB56>$AR$16,$AD56>$AQ$16)) -> FALSE | AM56: =OR($AD56<$AQ$20,AND($AB56>$AR$16,$AD56<$AQ$21)) -> FALSE | AN56: =IF(OR(AL56:AM56),דלק!C53,"") | AP56: =OR(נתונים!$AH$5:$AH$78) -> FALSE | AQ56: FWD CG TEST | BA56: 265 | BB56: 53 | BH56: 4650
C57: BMP | D57: =$D$8+SUMIF(D$12:D$13,"<>",D$12:D$13)+SUMIF(D$17:D$35,"<>",D$17:D$35)+SUMIF(D$40:D$51,"<>",D$40:D$51)+SUMIF(L$7:L$19,"<>",L$7:L$19)+SUMIF(L$29:L$35,"<>",L$29:L$35)+SUMIF($L$23:$L$25,"<>",$L$23:$L$25) -> 2699.602 | E57: =F57/D57 -> 4505.1075 | F57: =F8+SUMIF(F$12:F$13,"<>",F$12:F$13)+SUMIF(F$17:F$35,"<>",F$17:F$35)+SUMIF(F$40:F$51,"<>",F$40:F$51)+SUMIF(N$29:N$35,"<>",N$29:N$35)+SUMIF(N$7:N$19,"<>",N$7:N$19)+SUMIF($N$23:$N$25,"<>",$N$23:$N$25) -> 12161997 | G57: =G8+SUMIF(G$12:G$13,"<>",G$12:G$13)+SUMIF(G$17:G$35,"<>",G$17:G$35)+SUMIF(G$40:G$51,"<>",G$40:G$51)+SUMIF(Q$29:Q$35,"<>",Q$29:Q$35)+SUMIF(O$7:O$25,"<>",O$7:O$25)+SUMIF($O$23:$O$25,"<>",$O$23:$O$25) -> -15881.377 | H57: =G57/D57 -> -5.8828587 | T57: =IF($T$5+דלק!$C54>takoffweight+1,takoffweight,$T$5+דלק!$C54) -> 3200 | U57: =IF($T$5+דלק!$C54>takoffweight+1,INDIRECT(ADDRESS(ROW()-1,COLUMN())),($T$5*$U$5+דלק!$C54*דלק!$D54)/($T$5+דלק!$C54)) -> 4482.5879 | V57: =IF($T$5+דלק!$C54>takoffweight,INDIRECT(ADDRESS(ROW()-1,COLUMN())),($T$5*$V$5+דלק!$C54*דלק!$E54)/($T$5+דלק!$C54)) -> -5.1198172 | X57: =IF($T57<$AR$5,$U57<($T57-$AR$32)/$AQ$32,FALSE) -> FALSE | Y57: =IF($T57<$AR$5,$U57>($T57-$AR$33)/$AQ$33,FALSE) -> FALSE | Z57: =IF($Y57,דלק!$C54,"") | AA57: 520 | AB57: =IF($AB$5+דלק!$C54>takoffweight+1,takoffweight,$AB$5+דלק!$C54) -> 3200 | AC57: =IF($AB$5+דלק!$C54>takoffweight+1,INDIRECT(ADDRESS(ROW()-1,COLUMN())),($AB$5*$AC$5+דלק!$C54*דלק!$D54)/($AB$5+דלק!$C54)) -> 4482.5879 | AD57: =IF($AB$5+דלק!$C54>takoffweight,INDIRECT(ADDRESS(ROW()-1,COLUMN())),($AB$5*$AD$5+דלק!$C54*דלק!$E54)/($AB$5+דלק!$C54)) -> -5.1198172 | AF57: =IF($AH57,דלק!$C54,"") | AG57: =IF($AI57,דלק!$C54,"") | AH57: =OR($AC57<($AB57-$AR$34)/$AQ$34,$AC57<4250) -> FALSE | AI57: =IF(AB57<takeoffWT2,IF($AB57<$AR$5,$AC57<($AB57-$AR$32)/$AQ$32,FALSE),FALSE) -> FALSE | AJ57: =IF($AB57<$AR$5,$AC57>($AB57-$AR$33)/$AQ$33,FALSE) -> FALSE | AL57: =OR($AD57>$AQ$17,AND($AB57>$AR$16,$AD57>$AQ$16)) -> FALSE | AM57: =OR($AD57<$AQ$20,AND($AB57>$AR$16,$AD57<$AQ$21)) -> FALSE | AN57: =IF(OR(AL57:AM57),דלק!C54,"") | AP57: =OR(נתונים!$AI$5:$AI$78) -> FALSE | AQ57: EXT CG TST | BA57: 270 | BB57: 54 | BH57: 4700
T58: =IF($T$5+דלק!$C55>takoffweight+1,takoffweight,$T$5+דלק!$C55) -> 3200 | U58: =IF($T$5+דלק!$C55>takoffweight+1,INDIRECT(ADDRESS(ROW()-1,COLUMN())),($T$5*$U$5+דלק!$C55*דלק!$D55)/($T$5+דלק!$C55)) -> 4482.5879 | V58: =IF($T$5+דלק!$C55>takoffweight,INDIRECT(ADDRESS(ROW()-1,COLUMN())),($T$5*$V$5+דלק!$C55*דלק!$E55)/($T$5+דלק!$C55)) -> -5.1198172 | X58: =IF($T58<$AR$5,$U58<($T58-$AR$32)/$AQ$32,FALSE) -> FALSE | Y58: =IF($T58<$AR$5,$U58>($T58-$AR$33)/$AQ$33,FALSE) -> FALSE | Z58: =IF($Y58,דלק!$C55,"") | AA58: 530 | AB58: =IF($AB$5+דלק!$C55>takoffweight+1,takoffweight,$AB$5+דלק!$C55) -> 3200 | AC58: =IF($AB$5+דלק!$C55>takoffweight+1,INDIRECT(ADDRESS(ROW()-1,COLUMN())),($AB$5*$AC$5+דלק!$C55*דלק!$D55)/($AB$5+דלק!$C55)) -> 4482.5879 | AD58: =IF($AB$5+דלק!$C55>takoffweight,INDIRECT(ADDRESS(ROW()-1,COLUMN())),($AB$5*$AD$5+דלק!$C55*דלק!$E55)/($AB$5+דלק!$C55)) -> -5.1198172 | AF58: =IF($AH58,דלק!$C55,"") | AG58: =IF($AI58,דלק!$C55,"") | AH58: =OR($AC58<($AB58-$AR$34)/$AQ$34,$AC58<4250) -> FALSE | AI58: =IF(AB58<takeoffWT2,IF($AB58<$AR$5,$AC58<($AB58-$AR$32)/$AQ$32,FALSE),FALSE) -> FALSE | AJ58: =IF($AB58<$AR$5,$AC58>($AB58-$AR$33)/$AQ$33,FALSE) -> FALSE | AL58: =OR($AD58>$AQ$17,AND($AB58>$AR$16,$AD58>$AQ$16)) -> FALSE | AM58: =OR($AD58<$AQ$20,AND($AB58>$AR$16,$AD58<$AQ$21)) -> FALSE | AN58: =IF(OR(AL58:AM58),דלק!C55,"") | AP58: =OR(נתונים!$Y$5:$Y$78) -> FALSE | AQ58: AFT CG TST | BA58: 275 | BB58: 55 | BH58: 4750
C59: WEIGHT WITHOUT FUEL2 | T59: =IF($T$5+דלק!$C56>takoffweight+1,takoffweight,$T$5+דלק!$C56) -> 3200 | U59: =IF($T$5+דלק!$C56>takoffweight+1,INDIRECT(ADDRESS(ROW()-1,COLUMN())),($T$5*$U$5+דלק!$C56*דלק!$D56)/($T$5+דלק!$C56)) -> 4482.5879 | V59: =IF($T$5+דלק!$C56>takoffweight,INDIRECT(ADDRESS(ROW()-1,COLUMN())),($T$5*$V$5+דלק!$C56*דלק!$E56)/($T$5+דלק!$C56)) -> -5.1198172 | X59: =IF($T59<$AR$5,$U59<($T59-$AR$32)/$AQ$32,FALSE) -> FALSE | Y59: =IF($T59<$AR$5,$U59>($T59-$AR$33)/$AQ$33,FALSE) -> FALSE | Z59: =IF($Y59,דלק!$C56,"") | AA59: 540 | AB59: =IF($AB$5+דלק!$C56>takoffweight+1,takoffweight,$AB$5+דלק!$C56) -> 3200 | AC59: =IF($AB$5+דלק!$C56>takoffweight+1,INDIRECT(ADDRESS(ROW()-1,COLUMN())),($AB$5*$AC$5+דלק!$C56*דלק!$D56)/($AB$5+דלק!$C56)) -> 4482.5879 | AD59: =IF($AB$5+דלק!$C56>takoffweight,INDIRECT(ADDRESS(ROW()-1,COLUMN())),($AB$5*$AD$5+דלק!$C56*דלק!$E56)/($AB$5+דלק!$C56)) -> -5.1198172 | AF59: =IF($AH59,דלק!$C56,"") | AG59: =IF($AI59,דלק!$C56,"") | AH59: =OR($AC59<($AB59-$AR$34)/$AQ$34,$AC59<4250) -> FALSE | AI59: =IF(AB59<takeoffWT2,IF($AB59<$AR$5,$AC59<($AB59-$AR$32)/$AQ$32,FALSE),FALSE) -> FALSE | AJ59: =IF($AB59<$AR$5,$AC59>($AB59-$AR$33)/$AQ$33,FALSE) -> FALSE | AL59: =OR($AD59>$AQ$17,AND($AB59>$AR$16,$AD59>$AQ$16)) -> FALSE | AM59: =OR($AD59<$AQ$20,AND($AB59>$AR$16,$AD59<$AQ$21)) -> FALSE | AN59: =IF(OR(AL59:AM59),דלק!C56,"") | BA59: 280 | BB59: 56 | BH59: 4800
C60: מסוק | D60: משקל | E60: LONG ARM | F60: מומנט אורכי | G60: מומנט רוחבי | H60: LAT ARM | T60: =IF($T$5+דלק!$C57>takoffweight+1,takoffweight,$T$5+דלק!$C57) -> 3200 | U60: =IF($T$5+דלק!$C57>takoffweight+1,INDIRECT(ADDRESS(ROW()-1,COLUMN())),($T$5*$U$5+דלק!$C57*דלק!$D57)/($T$5+דלק!$C57)) -> 4482.5879 | V60: =IF($T$5+דלק!$C57>takoffweight,INDIRECT(ADDRESS(ROW()-1,COLUMN())),($T$5*$V$5+דלק!$C57*דלק!$E57)/($T$5+דלק!$C57)) -> -5.1198172 | X60: =IF($T60<$AR$5,$U60<($T60-$AR$32)/$AQ$32,FALSE) -> FALSE | Y60: =IF($T60<$AR$5,$U60>($T60-$AR$33)/$AQ$33,FALSE) -> FALSE | Z60: =IF($Y60,דלק!$C57,"") | AA60: 550 | AB60: =IF($AB$5+דלק!$C57>takoffweight+1,takoffweight,$AB$5+דלק!$C57) -> 3200 | AC60: =IF($AB$5+דלק!$C57>takoffweight+1,INDIRECT(ADDRESS(ROW()-1,COLUMN())),($AB$5*$AC$5+דלק!$C57*דלק!$D57)/($AB$5+דלק!$C57)) -> 4482.5879 | AD60: =IF($AB$5+דלק!$C57>takoffweight,INDIRECT(ADDRESS(ROW()-1,COLUMN())),($AB$5*$AD$5+דלק!$C57*דלק!$E57)/($AB$5+דלק!$C57)) -> -5.1198172 | AF60: =IF($AH60,דלק!$C57,"") | AG60: =IF($AI60,דלק!$C57,"") | AH60: =OR($AC60<($AB60-$AR$34)/$AQ$34,$AC60<4250) -> FALSE | AI60: =IF(AB60<takeoffWT2,IF($AB60<$AR$5,$AC60<($AB60-$AR$32)/$AQ$32,FALSE),FALSE) -> FALSE | AJ60: =IF($AB60<$AR$5,$AC60>($AB60-$AR$33)/$AQ$33,FALSE) -> FALSE | AL60: =OR($AD60>$AQ$17,AND($AB60>$AR$16,$AD60>$AQ$16)) -> FALSE | AM60: =OR($AD60<$AQ$20,AND($AB60>$AR$16,$AD60<$AQ$21)) -> FALSE | AN60: =IF(OR(AL60:AM60),דלק!C57,"") | AP60: MIN MAX FUEL OUTSIDE ENV | BA60: 285 | BB60: 57 | BH60: 4850
C61: BMO | D61: =$D$7+SUMIF(D$12:D$13,"<>",D$12:D$13)+SUMIF(D$17:D$35,"<>",D$17:D$35)+SUMIF(D$40:D$51,"<>",D$40:D$51)+SUMIF(L$29:L$35,"<>",L$29:L$35)+SUMIF(L$7:L$19,"<>",L$7:L$19)+SUMIF($L$23:$L$25,"<>",$L$23:$L$25) -> 2703.102 | E61: =$F$61/$D$61 -> 4505.4299 | F61: =$F$7+SUMIF(F$12:F$13,"<>",F$12:F$13)+SUMIF(F$17:F$35,"<>",F$17:F$35)+SUMIF(F$40:F$51,"<>",F$40:F$51)+SUMIF(P$29:P$35,"<>",P$29:P$35)+SUMIF(N$7:N$19,"<>",N$7:N$19)+SUMIF($N$23:$N$25,"<>",$N$23:$N$25) -> 12178637 | G61: =$G7+SUMIF(G$12:G$13,"<>",G$12:G$13)+SUMIF(G$17:G$35,"<>",G$17:G$35)+SUMIF(G$40:G$51,"<>",G$40:G$51)+SUMIF(Q$29:Q$35,"<>",Q$29:Q$35)+SUMIF(O$7:O$19,"<>",O$7:O$19)+SUMIF($O$23:$O$25,"<>",$O$23:$O$25) -> -24280.308 | H61: =$G$61/$D$61 -> -8.982387 | T61: =IF($T$5+דלק!$C58>takoffweight+1,takoffweight,$T$5+דלק!$C58) -> 3200 | U61: =IF($T$5+דלק!$C58>takoffweight+1,INDIRECT(ADDRESS(ROW()-1,COLUMN())),($T$5*$U$5+דלק!$C58*דלק!$D58)/($T$5+דלק!$C58)) -> 4482.5879 | V61: =IF($T$5+דלק!$C58>takoffweight,INDIRECT(ADDRESS(ROW()-1,COLUMN())),($T$5*$V$5+דלק!$C58*דלק!$E58)/($T$5+דלק!$C58)) -> -5.1198172 | X61: =IF($T61<$AR$5,$U61<($T61-$AR$32)/$AQ$32,FALSE) -> FALSE | Y61: =IF($T61<$AR$5,$U61>($T61-$AR$33)/$AQ$33,FALSE) -> FALSE | Z61: =IF($Y61,דלק!$C58,"") | AA61: 560 | AB61: =IF($AB$5+דלק!$C58>takoffweight+1,takoffweight,$AB$5+דלק!$C58) -> 3200 | AC61: =IF($AB$5+דלק!$C58>takoffweight+1,INDIRECT(ADDRESS(ROW()-1,COLUMN())),($AB$5*$AC$5+דלק!$C58*דלק!$D58)/($AB$5+דלק!$C58)) -> 4482.5879 | AD61: =IF($AB$5+דלק!$C58>takoffweight,INDIRECT(ADDRESS(ROW()-1,COLUMN())),($AB$5*$AD$5+דלק!$C58*דלק!$E58)/($AB$5+דלק!$C58)) -> -5.1198172 | AF61: =IF($AH61,דלק!$C58,"") | AG61: =IF($AI61,דלק!$C58,"") | AH61: =OR($AC61<($AB61-$AR$34)/$AQ$34,$AC61<4250) -> FALSE | AI61: =IF(AB61<takeoffWT2,IF($AB61<$AR$5,$AC61<($AB61-$AR$32)/$AQ$32,FALSE),FALSE) -> FALSE | AJ61: =IF($AB61<$AR$5,$AC61>($AB61-$AR$33)/$AQ$33,FALSE) -> FALSE | AL61: =OR($AD61>$AQ$17,AND($AB61>$AR$16,$AD61>$AQ$16)) -> FALSE | AM61: =OR($AD61<$AQ$20,AND($AB61>$AR$16,$AD61<$AQ$21)) -> FALSE | AN61: =IF(OR(AL61:AM61),דלק!C58,"") | AP61: =MIN(IF(FWDtst,$AF$5:$AF$78,IF(EXTtst,$AG$5:$AG$78,$Z$5:$Z$78))) -> 0 | AR61: MIN | BA61: 290 | BB61: 58 | BH61: 4900
C62: BMP | D62: =$D$8+SUMIF(D$12:D$13,"<>",D$12:D$13)+SUMIF(D$17:D$35,"<>",D$17:D$35)+SUMIF(D$40:D$51,"<>",D$40:D$51)+SUMIF(L$7:L$19,"<>",L$7:L$19)+SUMIF(L$29:L$35,"<>",L$29:L$35)+SUMIF($L$23:$L$25,"<>",$L$23:$L$25) -> 2699.602 | E62: =$F$62/$D$62 -> 4505.1075 | F62: =$F$8+SUMIF(F$12:F$13,"<>",F$12:F$13)+SUMIF(F$17:F$35,"<>",F$17:F$35)+SUMIF(F$40:F$51,"<>",F$40:F$51)+SUMIF(P$29:P$35,"<>",P$29:P$35)+SUMIF(N$7:N$19,"<>",N$7:N$19)+SUMIF($N$23:$N$25,"<>",$N$23:$N$25) -> 12161997 | G62: =$G8+SUMIF(G$12:G$13,"<>",G$12:G$13)+SUMIF(G$17:G$35,"<>",G$17:G$35)+SUMIF(G$40:G$51,"<>",G$40:G$51)+SUMIF(Q$29:Q$35,"<>",Q$29:Q$35)+SUMIF(O$7:O$19,"<>",O$7:O$19)+SUMIF($O$23:$O$25,"<>",$O$23:$O$25) -> -15881.377 | H62: =$G$62/$D$62 -> -5.8828587 | T62: =IF($T$5+דלק!$C59>takoffweight+1,takoffweight,$T$5+דלק!$C59) -> 3200 | U62: =IF($T$5+דלק!$C59>takoffweight+1,INDIRECT(ADDRESS(ROW()-1,COLUMN())),($T$5*$U$5+דלק!$C59*דלק!$D59)/($T$5+דלק!$C59)) -> 4482.5879 | V62: =IF($T$5+דלק!$C59>takoffweight,INDIRECT(ADDRESS(ROW()-1,COLUMN())),($T$5*$V$5+דלק!$C59*דלק!$E59)/($T$5+דלק!$C59)) -> -5.1198172 | X62: =IF($T62<$AR$5,$U62<($T62-$AR$32)/$AQ$32,FALSE) -> FALSE | Y62: =IF($T62<$AR$5,$U62>($T62-$AR$33)/$AQ$33,FALSE) -> FALSE | Z62: =IF($Y62,דלק!$C59,"") | AA62: 570 | AB62: =IF($AB$5+דלק!$C59>takoffweight+1,takoffweight,$AB$5+דלק!$C59) -> 3200 | AC62: =IF($AB$5+דלק!$C59>takoffweight+1,INDIRECT(ADDRESS(ROW()-1,COLUMN())),($AB$5*$AC$5+דלק!$C59*דלק!$D59)/($AB$5+דלק!$C59)) -> 4482.5879 | AD62: =IF($AB$5+דלק!$C59>takoffweight,INDIRECT(ADDRESS(ROW()-1,COLUMN())),($AB$5*$AD$5+דלק!$C59*דלק!$E59)/($AB$5+דלק!$C59)) -> -5.1198172 | AF62: =IF($AH62,דלק!$C59,"") | AG62: =IF($AI62,דלק!$C59,"") | AH62: =OR($AC62<($AB62-$AR$34)/$AQ$34,$AC62<4250) -> FALSE | AI62: =IF(AB62<takeoffWT2,IF($AB62<$AR$5,$AC62<($AB62-$AR$32)/$AQ$32,FALSE),FALSE) -> FALSE | AJ62: =IF($AB62<$AR$5,$AC62>($AB62-$AR$33)/$AQ$33,FALSE) -> FALSE | AL62: =OR($AD62>$AQ$17,AND($AB62>$AR$16,$AD62>$AQ$16)) -> FALSE | AM62: =OR($AD62<$AQ$20,AND($AB62>$AR$16,$AD62<$AQ$21)) -> FALSE | AN62: =IF(OR(AL62:AM62),דלק!C59,"") | AP62: =MAX(IF(FWDtst,$AF$5:$AF$78,IF(EXTtst,$AG$5:$AG$78,$Z$5:$Z$78))) -> 0 | AR62: MAX | BA62: 295 | BB62: 59 | BH62: 4950
T63: =IF($T$5+דלק!$C60>takoffweight+1,takoffweight,$T$5+דלק!$C60) -> 3200 | U63: =IF($T$5+דלק!$C60>takoffweight+1,INDIRECT(ADDRESS(ROW()-1,COLUMN())),($T$5*$U$5+דלק!$C60*דלק!$D60)/($T$5+דלק!$C60)) -> 4482.5879 | V63: =IF($T$5+דלק!$C60>takoffweight,INDIRECT(ADDRESS(ROW()-1,COLUMN())),($T$5*$V$5+דלק!$C60*דלק!$E60)/($T$5+דלק!$C60)) -> -5.1198172 | X63: =IF($T63<$AR$5,$U63<($T63-$AR$32)/$AQ$32,FALSE) -> FALSE | Y63: =IF($T63<$AR$5,$U63>($T63-$AR$33)/$AQ$33,FALSE) -> FALSE | Z63: =IF($Y63,דלק!$C60,"") | AA63: 580 | AB63: =IF($AB$5+דלק!$C60>takoffweight+1,takoffweight,$AB$5+דלק!$C60) -> 3200 | AC63: =IF($AB$5+דלק!$C60>takoffweight+1,INDIRECT(ADDRESS(ROW()-1,COLUMN())),($AB$5*$AC$5+דלק!$C60*דלק!$D60)/($AB$5+דלק!$C60)) -> 4482.5879 | AD63: =IF($AB$5+דלק!$C60>takoffweight,INDIRECT(ADDRESS(ROW()-1,COLUMN())),($AB$5*$AD$5+דלק!$C60*דלק!$E60)/($AB$5+דלק!$C60)) -> -5.1198172 | AF63: =IF($AH63,דלק!$C60,"") | AG63: =IF($AI63,דלק!$C60,"") | AH63: =OR($AC63<($AB63-$AR$34)/$AQ$34,$AC63<4250) -> FALSE | AI63: =IF(AB63<takeoffWT2,IF($AB63<$AR$5,$AC63<($AB63-$AR$32)/$AQ$32,FALSE),FALSE) -> FALSE | AJ63: =IF($AB63<$AR$5,$AC63>($AB63-$AR$33)/$AQ$33,FALSE) -> FALSE | AL63: =OR($AD63>$AQ$17,AND($AB63>$AR$16,$AD63>$AQ$16)) -> FALSE | AM63: =OR($AD63<$AQ$20,AND($AB63>$AR$16,$AD63<$AQ$21)) -> FALSE | AN63: =IF(OR(AL63:AM63),דלק!C60,"") | BA63: 300 | BB63: 60 | BH63: 5000
T64: =IF($T$5+דלק!$C61>takoffweight+1,takoffweight,$T$5+דלק!$C61) -> 3200 | U64: =IF($T$5+דלק!$C61>takoffweight+1,INDIRECT(ADDRESS(ROW()-1,COLUMN())),($T$5*$U$5+דלק!$C61*דלק!$D61)/($T$5+דלק!$C61)) -> 4482.5879 | V64: =IF($T$5+דלק!$C61>takoffweight,INDIRECT(ADDRESS(ROW()-1,COLUMN())),($T$5*$V$5+דלק!$C61*דלק!$E61)/($T$5+דלק!$C61)) -> -5.1198172 | X64: =IF($T64<$AR$5,$U64<($T64-$AR$32)/$AQ$32,FALSE) -> FALSE | Y64: =IF($T64<$AR$5,$U64>($T64-$AR$33)/$AQ$33,FALSE) -> FALSE | Z64: =IF($Y64,דלק!$C61,"") | AA64: 590 | AB64: =IF($AB$5+דלק!$C61>takoffweight+1,takoffweight,$AB$5+דלק!$C61) -> 3200 | AC64: =IF($AB$5+דלק!$C61>takoffweight+1,INDIRECT(ADDRESS(ROW()-1,COLUMN())),($AB$5*$AC$5+דלק!$C61*דלק!$D61)/($AB$5+דלק!$C61)) -> 4482.5879 | AD64: =IF($AB$5+דלק!$C61>takoffweight,INDIRECT(ADDRESS(ROW()-1,COLUMN())),($AB$5*$AD$5+דלק!$C61*דלק!$E61)/($AB$5+דלק!$C61)) -> -5.1198172 | AF64: =IF($AH64,דלק!$C61,"") | AG64: =IF($AI64,דלק!$C61,"") | AH64: =OR($AC64<($AB64-$AR$34)/$AQ$34,$AC64<4250) -> FALSE | AI64: =IF(AB64<takeoffWT2,IF($AB64<$AR$5,$AC64<($AB64-$AR$32)/$AQ$32,FALSE),FALSE) -> FALSE | AJ64: =IF($AB64<$AR$5,$AC64>($AB64-$AR$33)/$AQ$33,FALSE) -> FALSE | AL64: =OR($AD64>$AQ$17,AND($AB64>$AR$16,$AD64>$AQ$16)) -> FALSE | AM64: =OR($AD64<$AQ$20,AND($AB64>$AR$16,$AD64<$AQ$21)) -> FALSE | AN64: =IF(OR(AL64:AM64),דלק!C61,"") | AP64: =OR(AL6:AL78) -> FALSE | AQ64: RIGHT CG TEST | BA64: 305 | BB64: 61 | BH64: 5050
T65: =IF($T$5+דלק!$C62>takoffweight+1,takoffweight,$T$5+דלק!$C62) -> 3200 | U65: =IF($T$5+דלק!$C62>takoffweight+1,INDIRECT(ADDRESS(ROW()-1,COLUMN())),($T$5*$U$5+דלק!$C62*דלק!$D62)/($T$5+דלק!$C62)) -> 4482.5879 | V65: =IF($T$5+דלק!$C62>takoffweight,INDIRECT(ADDRESS(ROW()-1,COLUMN())),($T$5*$V$5+דלק!$C62*דלק!$E62)/($T$5+דלק!$C62)) -> -5.1198172 | X65: =IF($T65<$AR$5,$U65<($T65-$AR$32)/$AQ$32,FALSE) -> FALSE | Y65: =IF($T65<$AR$5,$U65>($T65-$AR$33)/$AQ$33,FALSE) -> FALSE | Z65: =IF($Y65,דלק!$C62,"") | AA65: 600 | AB65: =IF($AB$5+דלק!$C62>takoffweight+1,takoffweight,$AB$5+דלק!$C62) -> 3200 | AC65: =IF($AB$5+דלק!$C62>takoffweight+1,INDIRECT(ADDRESS(ROW()-1,COLUMN())),($AB$5*$AC$5+דלק!$C62*דלק!$D62)/($AB$5+דלק!$C62)) -> 4482.5879 | AD65: =IF($AB$5+דלק!$C62>takoffweight,INDIRECT(ADDRESS(ROW()-1,COLUMN())),($AB$5*$AD$5+דלק!$C62*דלק!$E62)/($AB$5+דלק!$C62)) -> -5.1198172 | AF65: =IF($AH65,דלק!$C62,"") | AG65: =IF($AI65,דלק!$C62,"") | AH65: =OR($AC65<($AB65-$AR$34)/$AQ$34,$AC65<4250) -> FALSE | AI65: =IF(AB65<takeoffWT2,IF($AB65<$AR$5,$AC65<($AB65-$AR$32)/$AQ$32,FALSE),FALSE) -> FALSE | AJ65: =IF($AB65<$AR$5,$AC65>($AB65-$AR$33)/$AQ$33,FALSE) -> FALSE | AL65: =OR($AD65>$AQ$17,AND($AB65>$AR$16,$AD65>$AQ$16)) -> FALSE | AM65: =OR($AD65<$AQ$20,AND($AB65>$AR$16,$AD65<$AQ$21)) -> FALSE | AN65: =IF(OR(AL65:AM65),דלק!C62,"") | AP65: =OR(AM6:AM78) -> FALSE | AQ65: LEFT CG TEST | BA65: 310 | BB65: 62 | BH65: 5100
T66: =IF($T$5+דלק!$C63>takoffweight+1,takoffweight,$T$5+דלק!$C63) -> 3200 | U66: =IF($T$5+דלק!$C63>takoffweight+1,INDIRECT(ADDRESS(ROW()-1,COLUMN())),($T$5*$U$5+דלק!$C63*דלק!$D63)/($T$5+דלק!$C63)) -> 4482.5879 | V66: =IF($T$5+דלק!$C63>takoffweight,INDIRECT(ADDRESS(ROW()-1,COLUMN())),($T$5*$V$5+דלק!$C63*דלק!$E63)/($T$5+דלק!$C63)) -> -5.1198172 | X66: =IF($T66<$AR$5,$U66<($T66-$AR$32)/$AQ$32,FALSE) -> FALSE | Y66: =IF($T66<$AR$5,$U66>($T66-$AR$33)/$AQ$33,FALSE) -> FALSE | Z66: =IF($Y66,דלק!$C63,"") | AA66: 610 | AB66: =IF($AB$5+דלק!$C63>takoffweight+1,takoffweight,$AB$5+דלק!$C63) -> 3200 | AC66: =IF($AB$5+דלק!$C63>takoffweight+1,INDIRECT(ADDRESS(ROW()-1,COLUMN())),($AB$5*$AC$5+דלק!$C63*דלק!$D63)/($AB$5+דלק!$C63)) -> 4482.5879 | AD66: =IF($AB$5+דלק!$C63>takoffweight,INDIRECT(ADDRESS(ROW()-1,COLUMN())),($AB$5*$AD$5+דלק!$C63*דלק!$E63)/($AB$5+דלק!$C63)) -> -5.1198172 | AF66: =IF($AH66,דלק!$C63,"") | AG66: =IF($AI66,דלק!$C63,"") | AH66: =OR($AC66<($AB66-$AR$34)/$AQ$34,$AC66<4250) -> FALSE | AI66: =IF(AB66<takeoffWT2,IF($AB66<$AR$5,$AC66<($AB66-$AR$32)/$AQ$32,FALSE),FALSE) -> FALSE | AJ66: =IF($AB66<$AR$5,$AC66>($AB66-$AR$33)/$AQ$33,FALSE) -> FALSE | AL66: =OR($AD66>$AQ$17,AND($AB66>$AR$16,$AD66>$AQ$16)) -> FALSE | AM66: =OR($AD66<$AQ$20,AND($AB66>$AR$16,$AD66<$AQ$21)) -> FALSE | AN66: =IF(OR(AL66:AM66),דלק!C63,"") | BA66: 315 | BB66: 63 | BH66: 5150
T67: =IF($T$5+דלק!$C64>takoffweight+1,takoffweight,$T$5+דלק!$C64) -> 3200 | U67: =IF($T$5+דלק!$C64>takoffweight+1,INDIRECT(ADDRESS(ROW()-1,COLUMN())),($T$5*$U$5+דלק!$C64*דלק!$D64)/($T$5+דלק!$C64)) -> 4482.5879 | V67: =IF($T$5+דלק!$C64>takoffweight,INDIRECT(ADDRESS(ROW()-1,COLUMN())),($T$5*$V$5+דלק!$C64*דלק!$E64)/($T$5+דלק!$C64)) -> -5.1198172 | X67: =IF($T67<$AR$5,$U67<($T67-$AR$32)/$AQ$32,FALSE) -> FALSE | Y67: =IF($T67<$AR$5,$U67>($T67-$AR$33)/$AQ$33,FALSE) -> FALSE | Z67: =IF($Y67,דלק!$C64,"") | AA67: 620 | AB67: =IF($AB$5+דלק!$C64>takoffweight+1,takoffweight,$AB$5+דלק!$C64) -> 3200 | AC67: =IF($AB$5+דלק!$C64>takoffweight+1,INDIRECT(ADDRESS(ROW()-1,COLUMN())),($AB$5*$AC$5+דלק!$C64*דלק!$D64)/($AB$5+דלק!$C64)) -> 4482.5879 | AD67: =IF($AB$5+דלק!$C64>takoffweight,INDIRECT(ADDRESS(ROW()-1,COLUMN())),($AB$5*$AD$5+דלק!$C64*דלק!$E64)/($AB$5+דלק!$C64)) -> -5.1198172 | AF67: =IF($AH67,דלק!$C64,"") | AG67: =IF($AI67,דלק!$C64,"") | AH67: =OR($AC67<($AB67-$AR$34)/$AQ$34,$AC67<4250) -> FALSE | AI67: =IF(AB67<takeoffWT2,IF($AB67<$AR$5,$AC67<($AB67-$AR$32)/$AQ$32,FALSE),FALSE) -> FALSE | AJ67: =IF($AB67<$AR$5,$AC67>($AB67-$AR$33)/$AQ$33,FALSE) -> FALSE | AL67: =OR($AD67>$AQ$17,AND($AB67>$AR$16,$AD67>$AQ$16)) -> FALSE | AM67: =OR($AD67<$AQ$20,AND($AB67>$AR$16,$AD67<$AQ$21)) -> FALSE | AN67: =IF(OR(AL67:AM67),דלק!C64,"") | AP67: MIN MAX FUEL OUTSIDE ENV | BA67: 320 | BB67: 64 | BH67: 5200
T68: =IF($T$5+דלק!$C65>takoffweight+1,takoffweight,$T$5+דלק!$C65) -> 3200 | U68: =IF($T$5+דלק!$C65>takoffweight+1,INDIRECT(ADDRESS(ROW()-1,COLUMN())),($T$5*$U$5+דלק!$C65*דלק!$D65)/($T$5+דלק!$C65)) -> 4482.5879 | V68: =IF($T$5+דלק!$C65>takoffweight,INDIRECT(ADDRESS(ROW()-1,COLUMN())),($T$5*$V$5+דלק!$C65*דלק!$E65)/($T$5+דלק!$C65)) -> -5.1198172 | X68: =IF($T68<$AR$5,$U68<($T68-$AR$32)/$AQ$32,FALSE) -> FALSE | Y68: =IF($T68<$AR$5,$U68>($T68-$AR$33)/$AQ$33,FALSE) -> FALSE | Z68: =IF($Y68,דלק!$C65,"") | AA68: 630 | AB68: =IF($AB$5+דלק!$C65>takoffweight+1,takoffweight,$AB$5+דלק!$C65) -> 3200 | AC68: =IF($AB$5+דלק!$C65>takoffweight+1,INDIRECT(ADDRESS(ROW()-1,COLUMN())),($AB$5*$AC$5+דלק!$C65*דלק!$D65)/($AB$5+דלק!$C65)) -> 4482.5879 | AD68: =IF($AB$5+דלק!$C65>takoffweight,INDIRECT(ADDRESS(ROW()-1,COLUMN())),($AB$5*$AD$5+דלק!$C65*דלק!$E65)/($AB$5+דלק!$C65)) -> -5.1198172 | AF68: =IF($AH68,דלק!$C65,"") | AG68: =IF($AI68,דלק!$C65,"") | AH68: =OR($AC68<($AB68-$AR$34)/$AQ$34,$AC68<4250) -> FALSE | AI68: =IF(AB68<takeoffWT2,IF($AB68<$AR$5,$AC68<($AB68-$AR$32)/$AQ$32,FALSE),FALSE) -> FALSE | AJ68: =IF($AB68<$AR$5,$AC68>($AB68-$AR$33)/$AQ$33,FALSE) -> FALSE | AL68: =OR($AD68>$AQ$17,AND($AB68>$AR$16,$AD68>$AQ$16)) -> FALSE | AM68: =OR($AD68<$AQ$20,AND($AB68>$AR$16,$AD68<$AQ$21)) -> FALSE | AN68: =IF(OR(AL68:AM68),דלק!C65,"") | AP68: =MIN($AN$5:$AN$78) -> 0 | AR68: MIN | BA68: 325 | BB68: 65 | BH68: 5250
T69: =IF($T$5+דלק!$C66>takoffweight+1,takoffweight,$T$5+דלק!$C66) -> 3200 | U69: =IF($T$5+דלק!$C66>takoffweight+1,INDIRECT(ADDRESS(ROW()-1,COLUMN())),($T$5*$U$5+דלק!$C66*דלק!$D66)/($T$5+דלק!$C66)) -> 4482.5879 | V69: =IF($T$5+דלק!$C66>takoffweight,INDIRECT(ADDRESS(ROW()-1,COLUMN())),($T$5*$V$5+דלק!$C66*דלק!$E66)/($T$5+דלק!$C66)) -> -5.1198172 | X69: =IF($T69<$AR$5,$U69<($T69-$AR$32)/$AQ$32,FALSE) -> FALSE | Y69: =IF($T69<$AR$5,$U69>($T69-$AR$33)/$AQ$33,FALSE) -> FALSE | Z69: =IF($Y69,דלק!$C66,"") | AA69: 640 | AB69: =IF($AB$5+דלק!$C66>takoffweight+1,takoffweight,$AB$5+דלק!$C66) -> 3200 | AC69: =IF($AB$5+דלק!$C66>takoffweight+1,INDIRECT(ADDRESS(ROW()-1,COLUMN())),($AB$5*$AC$5+דלק!$C66*דלק!$D66)/($AB$5+דלק!$C66)) -> 4482.5879 | AD69: =IF($AB$5+דלק!$C66>takoffweight,INDIRECT(ADDRESS(ROW()-1,COLUMN())),($AB$5*$AD$5+דלק!$C66*דלק!$E66)/($AB$5+דלק!$C66)) -> -5.1198172 | AF69: =IF($AH69,דלק!$C66,"") | AG69: =IF($AI69,דלק!$C66,"") | AH69: =OR($AC69<($AB69-$AR$34)/$AQ$34,$AC69<4250) -> FALSE | AI69: =IF(AB69<takeoffWT2,IF($AB69<$AR$5,$AC69<($AB69-$AR$32)/$AQ$32,FALSE),FALSE) -> FALSE | AJ69: =IF($AB69<$AR$5,$AC69>($AB69-$AR$33)/$AQ$33,FALSE) -> FALSE | AL69: =OR($AD69>$AQ$17,AND($AB69>$AR$16,$AD69>$AQ$16)) -> FALSE | AM69: =OR($AD69<$AQ$20,AND($AB69>$AR$16,$AD69<$AQ$21)) -> FALSE | AN69: =IF(OR(AL69:AM69),דלק!C66,"") | AP69: =MAX($AN$5:$AN$78) -> 0 | AR69: MAX | BA69: 330 | BB69: 66 | BH69: 5300
T70: =IF($T$5+דלק!$C67>takoffweight+1,takoffweight,$T$5+דלק!$C67) -> 3200 | U70: =IF($T$5+דלק!$C67>takoffweight+1,INDIRECT(ADDRESS(ROW()-1,COLUMN())),($T$5*$U$5+דלק!$C67*דלק!$D67)/($T$5+דלק!$C67)) -> 4482.5879 | V70: =IF($T$5+דלק!$C67>takoffweight,INDIRECT(ADDRESS(ROW()-1,COLUMN())),($T$5*$V$5+דלק!$C67*דלק!$E67)/($T$5+דלק!$C67)) -> -5.1198172 | X70: =IF($T70<$AR$5,$U70<($T70-$AR$32)/$AQ$32,FALSE) -> FALSE | Y70: =IF($T70<$AR$5,$U70>($T70-$AR$33)/$AQ$33,FALSE) -> FALSE | Z70: =IF($Y70,דלק!$C67,"") | AA70: 650 | AB70: =IF($AB$5+דלק!$C67>takoffweight+1,takoffweight,$AB$5+דלק!$C67) -> 3200 | AC70: =IF($AB$5+דלק!$C67>takoffweight+1,INDIRECT(ADDRESS(ROW()-1,COLUMN())),($AB$5*$AC$5+דלק!$C67*דלק!$D67)/($AB$5+דלק!$C67)) -> 4482.5879 | AD70: =IF($AB$5+דלק!$C67>takoffweight,INDIRECT(ADDRESS(ROW()-1,COLUMN())),($AB$5*$AD$5+דלק!$C67*דלק!$E67)/($AB$5+דלק!$C67)) -> -5.1198172 | AF70: =IF($AH70,דלק!$C67,"") | AG70: =IF($AI70,דלק!$C67,"") | AH70: =OR($AC70<($AB70-$AR$34)/$AQ$34,$AC70<4250) -> FALSE | AI70: =IF(AB70<takeoffWT2,IF($AB70<$AR$5,$AC70<($AB70-$AR$32)/$AQ$32,FALSE),FALSE) -> FALSE | AJ70: =IF($AB70<$AR$5,$AC70>($AB70-$AR$33)/$AQ$33,FALSE) -> FALSE | AL70: =OR($AD70>$AQ$17,AND($AB70>$AR$16,$AD70>$AQ$16)) -> FALSE | AM70: =OR($AD70<$AQ$20,AND($AB70>$AR$16,$AD70<$AQ$21)) -> FALSE | AN70: =IF(OR(AL70:AM70),דלק!C67,"") | BA70: 335 | BB70: 67 | BH70: 5350
T71: =IF($T$5+דלק!$C68>takoffweight+1,takoffweight,$T$5+דלק!$C68) -> 3200 | U71: =IF($T$5+דלק!$C68>takoffweight+1,INDIRECT(ADDRESS(ROW()-1,COLUMN())),($T$5*$U$5+דלק!$C68*דלק!$D68)/($T$5+דלק!$C68)) -> 4482.5879 | V71: =IF($T$5+דלק!$C68>takoffweight,INDIRECT(ADDRESS(ROW()-1,COLUMN())),($T$5*$V$5+דלק!$C68*דלק!$E68)/($T$5+דלק!$C68)) -> -5.1198172 | X71: =IF($T71<$AR$5,$U71<($T71-$AR$32)/$AQ$32,FALSE) -> FALSE | Y71: =IF($T71<$AR$5,$U71>($T71-$AR$33)/$AQ$33,FALSE) -> FALSE | Z71: =IF($Y71,דלק!$C68,"") | AA71: 660 | AB71: =IF($AB$5+דלק!$C68>takoffweight+1,takoffweight,$AB$5+דלק!$C68) -> 3200 | AC71: =IF($AB$5+דלק!$C68>takoffweight+1,INDIRECT(ADDRESS(ROW()-1,COLUMN())),($AB$5*$AC$5+דלק!$C68*דלק!$D68)/($AB$5+דלק!$C68)) -> 4482.5879 | AD71: =IF($AB$5+דלק!$C68>takoffweight,INDIRECT(ADDRESS(ROW()-1,COLUMN())),($AB$5*$AD$5+דלק!$C68*דלק!$E68)/($AB$5+דלק!$C68)) -> -5.1198172 | AF71: =IF($AH71,דלק!$C68,"") | AG71: =IF($AI71,דלק!$C68,"") | AH71: =OR($AC71<($AB71-$AR$34)/$AQ$34,$AC71<4250) -> FALSE | AI71: =IF(AB71<takeoffWT2,IF($AB71<$AR$5,$AC71<($AB71-$AR$32)/$AQ$32,FALSE),FALSE) -> FALSE | AJ71: =IF($AB71<$AR$5,$AC71>($AB71-$AR$33)/$AQ$33,FALSE) -> FALSE | AL71: =OR($AD71>$AQ$17,AND($AB71>$AR$16,$AD71>$AQ$16)) -> FALSE | AM71: =OR($AD71<$AQ$20,AND($AB71>$AR$16,$AD71<$AQ$21)) -> FALSE | AN71: =IF(OR(AL71:AM71),דלק!C68,"") | BA71: 340 | BB71: 68 | BH71: 5400
T72: =IF($T$5+דלק!$C69>takoffweight+1,takoffweight,$T$5+דלק!$C69) -> 3200 | U72: =IF($T$5+דלק!$C69>takoffweight+1,INDIRECT(ADDRESS(ROW()-1,COLUMN())),($T$5*$U$5+דלק!$C69*דלק!$D69)/($T$5+דלק!$C69)) -> 4482.5879 | V72: =IF($T$5+דלק!$C69>takoffweight,INDIRECT(ADDRESS(ROW()-1,COLUMN())),($T$5*$V$5+דלק!$C69*דלק!$E69)/($T$5+דלק!$C69)) -> -5.1198172 | X72: =IF($T72<$AR$5,$U72<($T72-$AR$32)/$AQ$32,FALSE) -> FALSE | Y72: =IF($T72<$AR$5,$U72>($T72-$AR$33)/$AQ$33,FALSE) -> FALSE | Z72: =IF($Y72,דלק!$C69,"") | AA72: 670 | AB72: =IF($AB$5+דלק!$C69>takoffweight+1,takoffweight,$AB$5+דלק!$C69) -> 3200 | AC72: =IF($AB$5+דלק!$C69>takoffweight+1,INDIRECT(ADDRESS(ROW()-1,COLUMN())),($AB$5*$AC$5+דלק!$C69*דלק!$D69)/($AB$5+דלק!$C69)) -> 4482.5879 | AD72: =IF($AB$5+דלק!$C69>takoffweight,INDIRECT(ADDRESS(ROW()-1,COLUMN())),($AB$5*$AD$5+דלק!$C69*דלק!$E69)/($AB$5+דלק!$C69)) -> -5.1198172 | AF72: =IF($AH72,דלק!$C69,"") | AG72: =IF($AI72,דלק!$C69,"") | AH72: =OR($AC72<($AB72-$AR$34)/$AQ$34,$AC72<4250) -> FALSE | AI72: =IF(AB72<takeoffWT2,IF($AB72<$AR$5,$AC72<($AB72-$AR$32)/$AQ$32,FALSE),FALSE) -> FALSE | AJ72: =IF($AB72<$AR$5,$AC72>($AB72-$AR$33)/$AQ$33,FALSE) -> FALSE | AL72: =OR($AD72>$AQ$17,AND($AB72>$AR$16,$AD72>$AQ$16)) -> FALSE | AM72: =OR($AD72<$AQ$20,AND($AB72>$AR$16,$AD72<$AQ$21)) -> FALSE | AN72: =IF(OR(AL72:AM72),דלק!C69,"") | BA72: 345 | BB72: 69 | BH72: 5450
T73: =IF($T$5+דלק!$C70>takoffweight+1,takoffweight,$T$5+דלק!$C70) -> 3200 | U73: =IF($T$5+דלק!$C70>takoffweight+1,INDIRECT(ADDRESS(ROW()-1,COLUMN())),($T$5*$U$5+דלק!$C70*דלק!$D70)/($T$5+דלק!$C70)) -> 4482.5879 | V73: =IF($T$5+דלק!$C70>takoffweight,INDIRECT(ADDRESS(ROW()-1,COLUMN())),($T$5*$V$5+דלק!$C70*דלק!$E70)/($T$5+דלק!$C70)) -> -5.1198172 | X73: =IF($T73<$AR$5,$U73<($T73-$AR$32)/$AQ$32,FALSE) -> FALSE | Y73: =IF($T73<$AR$5,$U73>($T73-$AR$33)/$AQ$33,FALSE) -> FALSE | Z73: =IF($Y73,דלק!$C70,"") | AA73: 680 | AB73: =IF($AB$5+דלק!$C70>takoffweight+1,takoffweight,$AB$5+דלק!$C70) -> 3200 | AC73: =IF($AB$5+דלק!$C70>takoffweight+1,INDIRECT(ADDRESS(ROW()-1,COLUMN())),($AB$5*$AC$5+דלק!$C70*דלק!$D70)/($AB$5+דלק!$C70)) -> 4482.5879 | AD73: =IF($AB$5+דלק!$C70>takoffweight,INDIRECT(ADDRESS(ROW()-1,COLUMN())),($AB$5*$AD$5+דלק!$C70*דלק!$E70)/($AB$5+דלק!$C70)) -> -5.1198172 | AF73: =IF($AH73,דלק!$C70,"") | AG73: =IF($AI73,דלק!$C70,"") | AH73: =OR($AC73<($AB73-$AR$34)/$AQ$34,$AC73<4250) -> FALSE | AI73: =IF(AB73<takeoffWT2,IF($AB73<$AR$5,$AC73<($AB73-$AR$32)/$AQ$32,FALSE),FALSE) -> FALSE | AJ73: =IF($AB73<$AR$5,$AC73>($AB73-$AR$33)/$AQ$33,FALSE) -> FALSE | AL73: =OR($AD73>$AQ$17,AND($AB73>$AR$16,$AD73>$AQ$16)) -> FALSE | AM73: =OR($AD73<$AQ$20,AND($AB73>$AR$16,$AD73<$AQ$21)) -> FALSE | AN73: =IF(OR(AL73:AM73),דלק!C70,"") | BA73: 350 | BB73: 70 | BH73: 5500
T74: =IF($T$5+דלק!$C71>takoffweight+1,takoffweight,$T$5+דלק!$C71) -> 3200 | U74: =IF($T$5+דלק!$C71>takoffweight+1,INDIRECT(ADDRESS(ROW()-1,COLUMN())),($T$5*$U$5+דלק!$C71*דלק!$D71)/($T$5+דלק!$C71)) -> 4482.5879 | V74: =IF($T$5+דלק!$C71>takoffweight,INDIRECT(ADDRESS(ROW()-1,COLUMN())),($T$5*$V$5+דלק!$C71*דלק!$E71)/($T$5+דלק!$C71)) -> -5.1198172 | X74: =IF($T74<$AR$5,$U74<($T74-$AR$32)/$AQ$32,FALSE) -> FALSE | Y74: =IF($T74<$AR$5,$U74>($T74-$AR$33)/$AQ$33,FALSE) -> FALSE | Z74: =IF($Y74,דלק!$C71,"") | AA74: 690 | AB74: =IF($AB$5+דלק!$C71>takoffweight+1,takoffweight,$AB$5+דלק!$C71) -> 3200 | AC74: =IF($AB$5+דלק!$C71>takoffweight+1,INDIRECT(ADDRESS(ROW()-1,COLUMN())),($AB$5*$AC$5+דלק!$C71*דלק!$D71)/($AB$5+דלק!$C71)) -> 4482.5879 | AD74: =IF($AB$5+דלק!$C71>takoffweight,INDIRECT(ADDRESS(ROW()-1,COLUMN())),($AB$5*$AD$5+דלק!$C71*דלק!$E71)/($AB$5+דלק!$C71)) -> -5.1198172 | AF74: =IF($AH74,דלק!$C71,"") | AG74: =IF($AI74,דלק!$C71,"") | AH74: =OR($AC74<($AB74-$AR$34)/$AQ$34,$AC74<4250) -> FALSE | AI74: =IF(AB74<takeoffWT2,IF($AB74<$AR$5,$AC74<($AB74-$AR$32)/$AQ$32,FALSE),FALSE) -> FALSE | AJ74: =IF($AB74<$AR$5,$AC74>($AB74-$AR$33)/$AQ$33,FALSE) -> FALSE | AL74: =OR($AD74>$AQ$17,AND($AB74>$AR$16,$AD74>$AQ$16)) -> FALSE | AM74: =OR($AD74<$AQ$20,AND($AB74>$AR$16,$AD74<$AQ$21)) -> FALSE | AN74: =IF(OR(AL74:AM74),דלק!C71,"") | BA74: 355 | BB74: 71 | BH74: 5550
T75: =IF($T$5+דלק!$C72>takoffweight+1,takoffweight,$T$5+דלק!$C72) -> 3200 | U75: =IF($T$5+דלק!$C72>takoffweight+1,INDIRECT(ADDRESS(ROW()-1,COLUMN())),($T$5*$U$5+דלק!$C72*דלק!$D72)/($T$5+דלק!$C72)) -> 4482.5879 | V75: =IF($T$5+דלק!$C72>takoffweight,INDIRECT(ADDRESS(ROW()-1,COLUMN())),($T$5*$V$5+דלק!$C72*דלק!$E72)/($T$5+דלק!$C72)) -> -5.1198172 | X75: =IF($T75<$AR$5,$U75<($T75-$AR$32)/$AQ$32,FALSE) -> FALSE | Y75: =IF($T75<$AR$5,$U75>($T75-$AR$33)/$AQ$33,FALSE) -> FALSE | Z75: =IF($Y75,דלק!$C72,"") | AA75: 700 | AB75: =IF($AB$5+דלק!$C72>takoffweight+1,takoffweight,$AB$5+דלק!$C72) -> 3200 | AC75: =IF($AB$5+דלק!$C72>takoffweight+1,INDIRECT(ADDRESS(ROW()-1,COLUMN())),($AB$5*$AC$5+דלק!$C72*דלק!$D72)/($AB$5+דלק!$C72)) -> 4482.5879 | AD75: =IF($AB$5+דלק!$C72>takoffweight,INDIRECT(ADDRESS(ROW()-1,COLUMN())),($AB$5*$AD$5+דלק!$C72*דלק!$E72)/($AB$5+דלק!$C72)) -> -5.1198172 | AF75: =IF($AH75,דלק!$C72,"") | AG75: =IF($AI75,דלק!$C72,"") | AH75: =OR($AC75<($AB75-$AR$34)/$AQ$34,$AC75<4250) -> FALSE | AI75: =IF(AB75<takeoffWT2,IF($AB75<$AR$5,$AC75<($AB75-$AR$32)/$AQ$32,FALSE),FALSE) -> FALSE | AJ75: =IF($AB75<$AR$5,$AC75>($AB75-$AR$33)/$AQ$33,FALSE) -> FALSE | AL75: =OR($AD75>$AQ$17,AND($AB75>$AR$16,$AD75>$AQ$16)) -> FALSE | AM75: =OR($AD75<$AQ$20,AND($AB75>$AR$16,$AD75<$AQ$21)) -> FALSE | AN75: =IF(OR(AL75:AM75),דלק!C72,"") | BA75: 360 | BB75: 72 | BH75: 5600
T76: =IF($T$5+דלק!$C73>takoffweight+1,takoffweight,$T$5+דלק!$C73) -> 3200 | U76: =IF($T$5+דלק!$C73>takoffweight+1,INDIRECT(ADDRESS(ROW()-1,COLUMN())),($T$5*$U$5+דלק!$C73*דלק!$D73)/($T$5+דלק!$C73)) -> 4482.5879 | V76: =IF($T$5+דלק!$C73>takoffweight,INDIRECT(ADDRESS(ROW()-1,COLUMN())),($T$5*$V$5+דלק!$C73*דלק!$E73)/($T$5+דלק!$C73)) -> -5.1198172 | X76: =IF($T76<$AR$5,$U76<($T76-$AR$32)/$AQ$32,FALSE) -> FALSE | Y76: =IF($T76<$AR$5,$U76>($T76-$AR$33)/$AQ$33,FALSE) -> FALSE | Z76: =IF($Y76,דלק!$C73,"") | AA76: 710 | AB76: =IF($AB$5+דלק!$C73>takoffweight+1,takoffweight,$AB$5+דלק!$C73) -> 3200 | AC76: =IF($AB$5+דלק!$C73>takoffweight+1,INDIRECT(ADDRESS(ROW()-1,COLUMN())),($AB$5*$AC$5+דלק!$C73*דלק!$D73)/($AB$5+דלק!$C73)) -> 4482.5879 | AD76: =IF($AB$5+דלק!$C73>takoffweight,INDIRECT(ADDRESS(ROW()-1,COLUMN())),($AB$5*$AD$5+דלק!$C73*דלק!$E73)/($AB$5+דלק!$C73)) -> -5.1198172 | AF76: =IF($AH76,דלק!$C73,"") | AG76: =IF($AI76,דלק!$C73,"") | AH76: =OR($AC76<($AB76-$AR$34)/$AQ$34,$AC76<4250) -> FALSE | AI76: =IF(AB76<takeoffWT2,IF($AB76<$AR$5,$AC76<($AB76-$AR$32)/$AQ$32,FALSE),FALSE) -> FALSE | AJ76: =IF($AB76<$AR$5,$AC76>($AB76-$AR$33)/$AQ$33,FALSE) -> FALSE | AL76: =OR($AD76>$AQ$17,AND($AB76>$AR$16,$AD76>$AQ$16)) -> FALSE | AM76: =OR($AD76<$AQ$20,AND($AB76>$AR$16,$AD76<$AQ$21)) -> FALSE | AN76: =IF(OR(AL76:AM76),דלק!C73,"") | BA76: 365 | BB76: 73 | BH76: 5650
T77: =IF($T$5+דלק!$C74>takoffweight+1,takoffweight,$T$5+דלק!$C74) -> 3200 | U77: =IF($T$5+דלק!$C74>takoffweight+1,INDIRECT(ADDRESS(ROW()-1,COLUMN())),($T$5*$U$5+דלק!$C74*דלק!$D74)/($T$5+דלק!$C74)) -> 4482.5879 | V77: =IF($T$5+דלק!$C74>takoffweight,INDIRECT(ADDRESS(ROW()-1,COLUMN())),($T$5*$V$5+דלק!$C74*דלק!$E74)/($T$5+דלק!$C74)) -> -5.1198172 | X77: =IF($T77<$AR$5,$U77<($T77-$AR$32)/$AQ$32,FALSE) -> FALSE | Y77: =IF($T77<$AR$5,$U77>($T77-$AR$33)/$AQ$33,FALSE) -> FALSE | Z77: =IF($Y77,דלק!$C74,"") | AA77: 720 | AB77: =IF($AB$5+דלק!$C74>takoffweight+1,takoffweight,$AB$5+דלק!$C74) -> 3200 | AC77: =IF($AB$5+דלק!$C74>takoffweight+1,INDIRECT(ADDRESS(ROW()-1,COLUMN())),($AB$5*$AC$5+דלק!$C74*דלק!$D74)/($AB$5+דלק!$C74)) -> 4482.5879 | AD77: =IF($AB$5+דלק!$C74>takoffweight,INDIRECT(ADDRESS(ROW()-1,COLUMN())),($AB$5*$AD$5+דלק!$C74*דלק!$E74)/($AB$5+דלק!$C74)) -> -5.1198172 | AF77: =IF($AH77,דלק!$C74,"") | AG77: =IF($AI77,דלק!$C74,"") | AH77: =OR($AC77<($AB77-$AR$34)/$AQ$34,$AC77<4250) -> FALSE | AI77: =IF(AB77<takeoffWT2,IF($AB77<$AR$5,$AC77<($AB77-$AR$32)/$AQ$32,FALSE),FALSE) -> FALSE | AJ77: =IF($AB77<$AR$5,$AC77>($AB77-$AR$33)/$AQ$33,FALSE) -> FALSE | AL77: =OR($AD77>$AQ$17,AND($AB77>$AR$16,$AD77>$AQ$16)) -> FALSE | AM77: =OR($AD77<$AQ$20,AND($AB77>$AR$16,$AD77<$AQ$21)) -> FALSE | AN77: =IF(OR(AL77:AM77),דלק!C74,"") | BA77: 370 | BB77: 74 | BH77: 5700
T78: =IF($T$5+דלק!$C75>takoffweight+1,takoffweight,$T$5+דלק!$C75) -> 3200 | U78: =IF($T$5+דלק!$C75>takoffweight+1,INDIRECT(ADDRESS(ROW()-1,COLUMN())),($T$5*$U$5+דלק!$C75*דלק!$D75)/($T$5+דלק!$C75)) -> 4482.5879 | V78: =IF($T$5+דלק!$C75>takoffweight,INDIRECT(ADDRESS(ROW()-1,COLUMN())),($T$5*$V$5+דלק!$C75*דלק!$E75)/($T$5+דלק!$C75)) -> -5.1198172 | X78: =IF($T78<$AR$5,$U78<($T78-$AR$32)/$AQ$32,FALSE) -> FALSE | Y78: =IF($T78<$AR$5,$U78>($T78-$AR$33)/$AQ$33,FALSE) -> FALSE | Z78: =IF($Y78,דלק!$C75,"") | AA78: 730 | AB78: =IF($AB$5+דלק!$C75>takoffweight+1,takoffweight,$AB$5+דלק!$C75) -> 3200 | AC78: =IF($AB$5+דלק!$C75>takoffweight+1,INDIRECT(ADDRESS(ROW()-1,COLUMN())),($AB$5*$AC$5+דלק!$C75*דלק!$D75)/($AB$5+דלק!$C75)) -> 4482.5879 | AD78: =IF($AB$5+דלק!$C75>takoffweight,INDIRECT(ADDRESS(ROW()-1,COLUMN())),($AB$5*$AD$5+דלק!$C75*דלק!$E75)/($AB$5+דלק!$C75)) -> -5.1198172 | AF78: =IF($AH78,דלק!$C75,"") | AG78: =IF($AI78,דלק!$C75,"") | AH78: =OR($AC78<($AB78-$AR$34)/$AQ$34,$AC78<4250) -> FALSE | AI78: =IF(AB78<takeoffWT2,IF($AB78<$AR$5,$AC78<($AB78-$AR$32)/$AQ$32,FALSE),FALSE) -> FALSE | AJ78: =IF($AB78<$AR$5,$AC78>($AB78-$AR$33)/$AQ$33,FALSE) -> FALSE | AL78: =OR($AD78>$AQ$17,AND($AB78>$AR$16,$AD78>$AQ$16)) -> FALSE | AM78: =OR($AD78<$AQ$20,AND($AB78>$AR$16,$AD78<$AQ$21)) -> FALSE | AN78: =IF(OR(AL78:AM78),דלק!C75,"") | BA78: 375 | BB78: 75 | BH78: 5750
BA79: 380 | BB79: 76 | BH79: 5800
T80: MAX ALLOWED FUEL | BA80: 385 | BB80: 77 | BH80: 5850
T81: =IF(ROUND((MAXGROSS-SUM(ראשי!$F$47:$F$48)-ראשי!$F$49),0)>723,723,ROUND((MAXGROSS-SUM(ראשי!$F$47:$F$48)-ראשי!$F$49),0)) -> 723 | BA81: 390 | BB81: 78 | BH81: 5900
BA82: 395 | BB82: 79 | BH82: 5950
BA83: 400 | BB83: 80 | BH83: 6000
T84: MAX AFT | AB84: MAX FWD | BA84: 405 | BB84: 81
U85: =MAX($U$5:$U$78) -> 4505.1075 | AC85: =MIN($AC$5:$AC$78) -> 4461.7652 | BA85: 410 | BB85: 82
BA86: 415 | BB86: 83
BA87: 420 | BB87: 84
R88: 70 | S88: =IF(ROUND(MAXGROSS-SUM(ראשי!$F$47:$F$49)-0.7*680-40,0)>100,ROUND(MAXGROSS-SUM(ראשי!$F$47:$F$49)-0.7*680-40,0),"----") -> 484 | T88: =zerofuelWT+ROUND(S88,-1) -> 3179.602 | U88: =VLOOKUP(ROUND(S88,-1),דלק!$C$3:$D$75,2,FALSE) -> 4360 | V88: =zerofuelWT*$U$5+ROUND(S88,-1)*U88 -> 14254797 | W88: =V88/T88 -> 4483.2018 | Y88: 70 | AA88: =IF(ROUND(MAXGROSS-SUM(ראשי!$F$47:$F$49)-0.7*680-40,0)>100,ROUND(MAXGROSS-SUM(ראשי!$F$47:$F$49)-0.7*680-40,0),"----") -> 484 | AB88: =zerofuelWT+ROUND(AA88,-1) -> 3179.602 | AC88: =VLOOKUP(ROUND(AA88,-1),דלק!$C$3:$D$75,2,FALSE) -> 4360 | AD88: =zerofuelWT*$AC$5+ROUND(AA88,-1)*AC88 -> 14254797 | AG88: =AD88/AB88 -> 4483.2018 | BA88: 425 | BB88: 85
R89: 80 | S89: =IF(ROUND(MAXGROSS-SUM(ראשי!$F$47:$F$49)-0.8*680-40,0)>100,ROUND(MAXGROSS-SUM(ראשי!$F$47:$F$49)-0.8*680-40,0),"----") -> 416 | T89: =ROUND(zerofuelWT+ROUND(S89,-1),0) -> 3120 | U89: =VLOOKUP(ROUND(S89,-1),דלק!$C$3:$D$75,2,FALSE) -> 4355 | V89: =zerofuelWT*$U$5+ROUND(S89,-1)*U89 -> 13991097 | W89: =V89/T89 -> 4484.326 | Y89: 80 | AA89: =IF(ROUND(MAXGROSS-SUM(ראשי!$F$47:$F$49)-0.8*680-40,0)>100,ROUND(MAXGROSS-SUM(ראשי!$F$47:$F$49)-0.8*680-40,0),"----") -> 416 | AB89: =ROUND(zerofuelWT+ROUND(AA89,-1),0) -> 3120 | AC89: =VLOOKUP(ROUND(AA89,-1),דלק!$C$3:$D$75,2,FALSE) -> 4355 | AD89: =zerofuelWT*$AC$5+ROUND(AA89,-1)*AC89 -> 13991097 | AG89: =AD89/AB89 -> 4484.326 | BA89: 430 | BB89: 86
R90: 90 | S90: =IF(ROUND(MAXGROSS-SUM(ראשי!$F$47:$F$49)-0.9*680-40,0)>100,ROUND(MAXGROSS-SUM(ראשי!$F$47:$F$49)-0.9*680-40,0),"----") -> 348 | T90: =ROUND(zerofuelWT+ROUND(S90,-1),0) -> 3050 | U90: =VLOOKUP(ROUND(S90,-1),דלק!$C$3:$D$75,2,FALSE) -> 4322 | V90: =zerofuelWT*$U$5+ROUND(S90,-1)*U90 -> 13674697 | W90: =V90/T90 -> 4483.5073 | Y90: 90 | AA90: =IF(ROUND(MAXGROSS-SUM(ראשי!$F$47:$F$49)-0.9*680-40,0)>100,ROUND(MAXGROSS-SUM(ראשי!$F$47:$F$49)-0.9*680-40,0),"----") -> 348 | AB90: =ROUND(zerofuelWT+ROUND(AA90,-1),0) -> 3050 | AC90: =VLOOKUP(ROUND(AA90,-1),דלק!$C$3:$D$75,2,FALSE) -> 4322 | AD90: =zerofuelWT*$AC$5+ROUND(AA90,-1)*AC90 -> 13674697 | AG90: =AD90/AB90 -> 4483.5073 | BA90: 435 | BB90: 87
R91: 100 | S91: =IF(ROUND(MAXGROSS-SUM(ראשי!$F$47:$F$49)-680-40,0)>100,ROUND(MAXGROSS-SUM(ראשי!$F$47:$F$49)-680-40,0),"----") -> 280 | T91: =ROUND(zerofuelWT+ROUND(S91,-1),0) -> 2980 | U91: =VLOOKUP(ROUND(S91,-1),דלק!$C$3:$D$75,2,FALSE) -> 4196 | V91: =zerofuelWT*$U$5+ROUND(S91,-1)*U91 -> 13336877 | W91: =V91/T91 -> 4475.4622 | Y91: 100 | AA91: =IF(ROUND(MAXGROSS-SUM(ראשי!$F$47:$F$49)-680-40,0)>100,ROUND(MAXGROSS-SUM(ראשי!$F$47:$F$49)-680-40,0),"----") -> 280 | AB91: =ROUND(zerofuelWT+ROUND(AA91,-1),0) -> 2980 | AC91: =VLOOKUP(ROUND(AA91,-1),דלק!$C$3:$D$75,2,FALSE) -> 4196 | AD91: =zerofuelWT*$U$5+ROUND(AA91,-1)*AC91 -> 13336877 | AG91: =AD91/AB91 -> 4475.4622 | BA91: 440 | BB91: 88
BA92: 445 | BB92: 89
BA93: 450 | BB93: 90
BA94: 455 | BB94: 91
BA95: 460 | BB95: 92
BA96: 465 | BB96: 93
BA97: 470 | BB97: 94
BA98: 475 | BB98: 95
BA99: 480 | BB99: 96
BA100: 485 | BB100: 97
BA101: 490 | BB101: 98
...

Sheet תצורות
A1: Description | B1: KG | C1: LONG ARM | D1: LAT ARM | E1: זיהוי כסא | P1: טבלת קוד תצורת כסאות
A2: קבועה - 4 כסאות | B2: תצורה # | D2: 01 | P2: קוד | Q2: LONG ARM | R2: LAT ARM
A3: כסא נוסע ימין - שורה אמצעית | B3: 12.598 | C3: 4400 | D3: 369 | E3: 6.01 | P3: {=INDEX($E$3:$E$358,MATCH(0,COUNTIF($P$1:P1,$E$3:$E$358),0))} -> 6.01 | Q3: =IFERROR((INDEX($C$3:$D$358,MATCH($P3,$E$3:$E$358,0),1)),"") -> 4400 | R3: =IFERROR((INDEX($C$3:$D$358,MATCH($P3,$E$3:$E$358,0),2)),"") -> 369
A4: כסא נוסע שמאל - שורה קדמית - פונה אחורה | B4: 12.598 | C4: 3265 | D4: -550 | E4: 1.01 | P4: {=INDEX($E$3:$E$358,MATCH(0,COUNTIF($P$1:P3,$E$3:$E$358),0))} -> 1.01 | Q4: =IFERROR((INDEX($C$3:$D$358,MATCH($P4,$E$3:$E$358,0),1)),"") -> 3265 | R4: =IFERROR((INDEX($C$3:$D$358,MATCH($P4,$E$3:$E$358,0),2)),"") -> -550
A5: כסא נוסע שמאל - שורה אמצעית | B5: 12.598 | C5: 4400 | D5: -369 | E5: 4.01 | P5: {=INDEX($E$3:$E$358,MATCH(0,COUNTIF($P$1:P4,$E$3:$E$358),0))} -> 4.01 | Q5: =IFERROR((INDEX($C$3:$D$358,MATCH($P5,$E$3:$E$358,0),1)),"") -> 4400 | R5: =IFERROR((INDEX($C$3:$D$358,MATCH($P5,$E$3:$E$358,0),2)),"") -> -369
A6: כסא נוסע ימין - שורה קדמית - פונה אחורה | B6: 12.598 | C6: 3265 | D6: 550 | E6: 3.01 | P6: {=INDEX($E$3:$E$358,MATCH(0,COUNTIF($P$1:P5,$E$3:$E$358),0))} -> 3.01 | Q6: =IFERROR((INDEX($C$3:$D$358,MATCH($P6,$E$3:$E$358,0),1)),"") -> 3265 | R6: =IFERROR((INDEX($C$3:$D$358,MATCH($P6,$E$3:$E$358,0),2)),"") -> 550
P7: {=INDEX($E$3:$E$358,MATCH(0,COUNTIF($P$1:P6,$E$3:$E$358),0))} -> 0 | Q7: =IFERROR((INDEX($C$3:$D$358,MATCH($P7,$E$3:$E$358,0),1)),"") | R7: =IFERROR((INDEX($C$3:$D$358,MATCH($P7,$E$3:$E$358,0),2)),"")
P8: {=INDEX($E$3:$E$358,MATCH(0,COUNTIF($P$1:P7,$E$3:$E$358),0))} -> 4.02 | Q8: =IFERROR((INDEX($C$3:$D$358,MATCH($P8,$E$3:$E$358,0),1)),"") -> 4550 | R8: =IFERROR((INDEX($C$3:$D$358,MATCH($P8,$E$3:$E$358,0),2)),"") -> -480
P9: {=INDEX($E$3:$E$358,MATCH(0,COUNTIF($P$1:P8,$E$3:$E$358),0))} -> 6.02 | Q9: =IFERROR((INDEX($C$3:$D$358,MATCH($P9,$E$3:$E$358,0),1)),"") -> 4550 | R9: =IFERROR((INDEX($C$3:$D$358,MATCH($P9,$E$3:$E$358,0),2)),"") -> 480
P10: {=INDEX($E$3:$E$358,MATCH(0,COUNTIF($P$1:P9,$E$3:$E$358),0))} -> 3.04 | Q10: =IFERROR((INDEX($C$3:$D$358,MATCH($P10,$E$3:$E$358,0),1)),"") -> 3250 | R10: =IFERROR((INDEX($C$3:$D$358,MATCH($P10,$E$3:$E$358,0),2)),"") -> 550
P11: {=INDEX($E$3:$E$358,MATCH(0,COUNTIF($P$1:P10,$E$3:$E$358),0))} -> 1.04 | Q11: =IFERROR((INDEX($C$3:$D$358,MATCH($P11,$E$3:$E$358,0),1)),"") -> 3250 | R11: =IFERROR((INDEX($C$3:$D$358,MATCH($P11,$E$3:$E$358,0),2)),"") -> -550
P12: {=INDEX($E$3:$E$358,MATCH(0,COUNTIF($P$1:P11,$E$3:$E$358),0))} -> 6.04 | Q12: =IFERROR((INDEX($C$3:$D$358,MATCH($P12,$E$3:$E$358,0),1)),"") -> 4208 | R12: =IFERROR((INDEX($C$3:$D$358,MATCH($P12,$E$3:$E$358,0),2)),"") -> 480
P13: {=INDEX($E$3:$E$358,MATCH(0,COUNTIF($P$1:P12,$E$3:$E$358),0))} -> 4.04 | Q13: =IFERROR((INDEX($C$3:$D$358,MATCH($P13,$E$3:$E$358,0),1)),"") -> 4208 | R13: =IFERROR((INDEX($C$3:$D$358,MATCH($P13,$E$3:$E$358,0),2)),"") -> -480
P14: {=INDEX($E$3:$E$358,MATCH(0,COUNTIF($P$1:P13,$E$3:$E$358),0))} -> 9.04 | Q14: =IFERROR((INDEX($C$3:$D$358,MATCH($P14,$E$3:$E$358,0),1)),"") -> 5072 | R14: =IFERROR((INDEX($C$3:$D$358,MATCH($P14,$E$3:$E$358,0),2)),"") -> 460
A15: 2 כסאות / מתנא | B15: תצורה # | D15: 02 | P15: {=INDEX($E$3:$E$358,MATCH(0,COUNTIF($P$1:P14,$E$3:$E$358),0))} -> 7.04 | Q15: =IFERROR((INDEX($C$3:$D$358,MATCH($P15,$E$3:$E$358,0),1)),"") -> 5072 | R15: =IFERROR((INDEX($C$3:$D$358,MATCH($P15,$E$3:$E$358,0),2)),"") -> -460
P16: {=INDEX($E$3:$E$358,MATCH(0,COUNTIF($P$1:P15,$E$3:$E$358),0))} -> 3.05 | Q16: =IFERROR((INDEX($C$3:$D$358,MATCH($P16,$E$3:$E$358,0),1)),"") -> 3250 | R16: =IFERROR((INDEX($C$3:$D$358,MATCH($P16,$E$3:$E$358,0),2)),"") -> 550
A17: כסא מתנא שמאל - שורה אמצעית - פונה קדימה | B17: 12.598 | C17: 4550 | D17: -480 | E17: 4.02 | P17: {=INDEX($E$3:$E$358,MATCH(0,COUNTIF($P$1:P16,$E$3:$E$358),0))} -> 1.05 | Q17: =IFERROR((INDEX($C$3:$D$358,MATCH($P17,$E$3:$E$358,0),1)),"") -> 3250 | R17: =IFERROR((INDEX($C$3:$D$358,MATCH($P17,$E$3:$E$358,0),2)),"") -> -550
P18: {=INDEX($E$3:$E$358,MATCH(0,COUNTIF($P$1:P17,$E$3:$E$358),0))} -> 6.05 | Q18: =IFERROR((INDEX($C$3:$D$358,MATCH($P18,$E$3:$E$358,0),1)),"") -> 4208 | R18: =IFERROR((INDEX($C$3:$D$358,MATCH($P18,$E$3:$E$358,0),2)),"") -> 480
A19: כסא מתנא ימין - שורה אמצעית - פונה קדימה | B19: 12.598 | C19: 4550 | D19: 480 | E19: 6.02 | P19: {=INDEX($E$3:$E$358,MATCH(0,COUNTIF($P$1:P18,$E$3:$E$358),0))} -> 4.05 | Q19: =IFERROR((INDEX($C$3:$D$358,MATCH($P19,$E$3:$E$358,0),1)),"") -> 4208 | R19: =IFERROR((INDEX($C$3:$D$358,MATCH($P19,$E$3:$E$358,0),2)),"") -> -480
P20: {=INDEX($E$3:$E$358,MATCH(0,COUNTIF($P$1:P19,$E$3:$E$358),0))} -> 9.05 | Q20: =IFERROR((INDEX($C$3:$D$358,MATCH($P20,$E$3:$E$358,0),1)),"") -> 5072 | R20: =IFERROR((INDEX($C$3:$D$358,MATCH($P20,$E$3:$E$358,0),2)),"") -> 460
P21: {=INDEX($E$3:$E$358,MATCH(0,COUNTIF($P$1:P20,$E$3:$E$358),0))} -> 8.05 | Q21: =IFERROR((INDEX($C$3:$D$358,MATCH($P21,$E$3:$E$358,0),1)),"") -> 5072 | R21: =IFERROR((INDEX($C$3:$D$358,MATCH($P21,$E$3:$E$358,0),2)),"") -> 0
P22: {=INDEX($E$3:$E$358,MATCH(0,COUNTIF($P$1:P21,$E$3:$E$358),0))} -> 7.05 | Q22: =IFERROR((INDEX($C$3:$D$358,MATCH($P22,$E$3:$E$358,0),1)),"") -> 5072 | R22: =IFERROR((INDEX($C$3:$D$358,MATCH($P22,$E$3:$E$358,0),2)),"") -> -460
P23: {=INDEX($E$3:$E$358,MATCH(0,COUNTIF($P$1:P22,$E$3:$E$358),0))} -> 3.06 | Q23: =IFERROR((INDEX($C$3:$D$358,MATCH($P23,$E$3:$E$358,0),1)),"") -> 3250 | R23: =IFERROR((INDEX($C$3:$D$358,MATCH($P23,$E$3:$E$358,0),2)),"") -> 550
P24: {=INDEX($E$3:$E$358,MATCH(0,COUNTIF($P$1:P23,$E$3:$E$358),0))} -> 2.06 | Q24: =IFERROR((INDEX($C$3:$D$358,MATCH($P24,$E$3:$E$358,0),1)),"") -> 3250 | R24: =IFERROR((INDEX($C$3:$D$358,MATCH($P24,$E$3:$E$358,0),2)),"") -> 0
P25: {=INDEX($E$3:$E$358,MATCH(0,COUNTIF($P$1:P24,$E$3:$E$358),0))} -> 1.06 | Q25: =IFERROR((INDEX($C$3:$D$358,MATCH($P25,$E$3:$E$358,0),1)),"") -> 3250 | R25: =IFERROR((INDEX($C$3:$D$358,MATCH($P25,$E$3:$E$358,0),2)),"") -> -550
P26: {=INDEX($E$3:$E$358,MATCH(0,COUNTIF($P$1:P25,$E$3:$E$358),0))} -> 6.06 | Q26: =IFERROR((INDEX($C$3:$D$358,MATCH($P26,$E$3:$E$358,0),1)),"") -> 4208 | R26: =IFERROR((INDEX($C$3:$D$358,MATCH($P26,$E$3:$E$358,0),2)),"") -> 480
P27: {=INDEX($E$3:$E$358,MATCH(0,COUNTIF($P$1:P26,$E$3:$E$358),0))} -> 4.06 | Q27: =IFERROR((INDEX($C$3:$D$358,MATCH($P27,$E$3:$E$358,0),1)),"") -> 4208 | R27: =IFERROR((INDEX($C$3:$D$358,MATCH($P27,$E$3:$E$358,0),2)),"") -> -480
A28: בטן חלקה | B28: תצורה # | D28: 03 | P28: {=INDEX($E$3:$E$358,MATCH(0,COUNTIF($P$1:P27,$E$3:$E$358),0))} -> 9.06 | Q28: =IFERROR((INDEX($C$3:$D$358,MATCH($P28,$E$3:$E$358,0),1)),"") -> 5072 | R28: =IFERROR((INDEX($C$3:$D$358,MATCH($P28,$E$3:$E$358,0),2)),"") -> 460
P29: {=INDEX($E$3:$E$358,MATCH(0,COUNTIF($P$1:P28,$E$3:$E$358),0))} -> 8.06 | Q29: =IFERROR((INDEX($C$3:$D$358,MATCH($P29,$E$3:$E$358,0),1)),"") -> 5072 | R29: =IFERROR((INDEX($C$3:$D$358,MATCH($P29,$E$3:$E$358,0),2)),"") -> 0
P30: {=INDEX($E$3:$E$358,MATCH(0,COUNTIF($P$1:P29,$E$3:$E$358),0))} -> 7.06 | Q30: =IFERROR((INDEX($C$3:$D$358,MATCH($P30,$E$3:$E$358,0),1)),"") -> 5072 | R30: =IFERROR((INDEX($C$3:$D$358,MATCH($P30,$E$3:$E$358,0),2)),"") -> -460
P31: {=INDEX($E$3:$E$358,MATCH(0,COUNTIF($P$1:P30,$E$3:$E$358),0))} -> 3.07 | Q31: =IFERROR((INDEX($C$3:$D$358,MATCH($P31,$E$3:$E$358,0),1)),"") -> 3500 | R31: =IFERROR((INDEX($C$3:$D$358,MATCH($P31,$E$3:$E$358,0),2)),"") -> 550
P32: {=INDEX($E$3:$E$358,MATCH(0,COUNTIF($P$1:P31,$E$3:$E$358),0))} -> 6.07 | Q32: =IFERROR((INDEX($C$3:$D$358,MATCH($P32,$E$3:$E$358,0),1)),"") -> 4500 | R32: =IFERROR((INDEX($C$3:$D$358,MATCH($P32,$E$3:$E$358,0),2)),"") -> 550
P33: {=INDEX($E$3:$E$358,MATCH(0,COUNTIF($P$1:P32,$E$3:$E$358),0))} -> 9.07 | Q33: =IFERROR((INDEX($C$3:$D$358,MATCH($P33,$E$3:$E$358,0),1)),"") -> 5500 | R33: =IFERROR((INDEX($C$3:$D$358,MATCH($P33,$E$3:$E$358,0),2)),"") -> 550
P34: {=INDEX($E$3:$E$358,MATCH(0,COUNTIF($P$1:P33,$E$3:$E$358),0))} -> 1.07 | Q34: =IFERROR((INDEX($C$3:$D$358,MATCH($P34,$E$3:$E$358,0),1)),"") -> 3500 | R34: =IFERROR((INDEX($C$3:$D$358,MATCH($P34,$E$3:$E$358,0),2)),"") -> -550
P35: {=INDEX($E$3:$E$358,MATCH(0,COUNTIF($P$1:P34,$E$3:$E$358),0))} -> 4.07 | Q35: =IFERROR((INDEX($C$3:$D$358,MATCH($P35,$E$3:$E$358,0),1)),"") -> 4500 | R35: =IFERROR((INDEX($C$3:$D$358,MATCH($P35,$E$3:$E$358,0),2)),"") -> -550
P36: {=INDEX($E$3:$E$358,MATCH(0,COUNTIF($P$1:P35,$E$3:$E$358),0))} -> 7.07 | Q36: =IFERROR((INDEX($C$3:$D$358,MATCH($P36,$E$3:$E$358,0),1)),"") -> 5500 | R36: =IFERROR((INDEX($C$3:$D$358,MATCH($P36,$E$3:$E$358,0),2)),"") -> -550
P37: {=INDEX($E$3:$E$358,MATCH(0,COUNTIF($P$1:P36,$E$3:$E$358),0))} -> 3.08 | Q37: =IFERROR((INDEX($C$3:$D$358,MATCH($P37,$E$3:$E$358,0),1)),"") -> 3950 | R37: =IFERROR((INDEX($C$3:$D$358,MATCH($P37,$E$3:$E$358,0),2)),"") -> 540
P38: {=INDEX($E$3:$E$358,MATCH(0,COUNTIF($P$1:P37,$E$3:$E$358),0))} -> 6.08 | Q38: =IFERROR((INDEX($C$3:$D$358,MATCH($P38,$E$3:$E$358,0),1)),"") -> 4450 | R38: =IFERROR((INDEX($C$3:$D$358,MATCH($P38,$E$3:$E$358,0),2)),"") -> 540
P39: {=INDEX($E$3:$E$358,MATCH(0,COUNTIF($P$1:P38,$E$3:$E$358),0))} -> 9.08 | Q39: =IFERROR((INDEX($C$3:$D$358,MATCH($P39,$E$3:$E$358,0),1)),"") -> 4950 | R39: =IFERROR((INDEX($C$3:$D$358,MATCH($P39,$E$3:$E$358,0),2)),"") -> 540
P40: {=INDEX($E$3:$E$358,MATCH(0,COUNTIF($P$1:P39,$E$3:$E$358),0))} -> 1.08 | Q40: =IFERROR((INDEX($C$3:$D$358,MATCH($P40,$E$3:$E$358,0),1)),"") -> 3950 | R40: =IFERROR((INDEX($C$3:$D$358,MATCH($P40,$E$3:$E$358,0),2)),"") -> -540
A41: תובלה 6 כסאות | B41: תצורה # | D41: 04 | P41: {=INDEX($E$3:$E$358,MATCH(0,COUNTIF($P$1:P40,$E$3:$E$358),0))} -> 4.08 | Q41: =IFERROR((INDEX($C$3:$D$358,MATCH($P41,$E$3:$E$358,0),1)),"") -> 4450 | R41: =IFERROR((INDEX($C$3:$D$358,MATCH($P41,$E$3:$E$358,0),2)),"") -> -540
A42: כסא נוסע ימין - שורה קדמית - פונה אחורה | B42: 12.598 | C42: 3250 | D42: 550 | E42: 3.04 | P42: {=INDEX($E$3:$E$358,MATCH(0,COUNTIF($P$1:P41,$E$3:$E$358),0))} -> 7.08 | Q42: =IFERROR((INDEX($C$3:$D$358,MATCH($P42,$E$3:$E$358,0),1)),"") -> 4950 | R42: =IFERROR((INDEX($C$3:$D$358,MATCH($P42,$E$3:$E$358,0),2)),"") -> -540
A43: כסא נוסע שמאל - שורה קדמית - פונה אחורה | B43: 12.598 | C43: 3250 | D43: -550 | E43: 1.04 | P43: {=INDEX($E$3:$E$358,MATCH(0,COUNTIF($P$1:P42,$E$3:$E$358),0))} -> 23.09 | Q43: =IFERROR((INDEX($C$3:$D$358,MATCH($P43,$E$3:$E$358,0),1)),"") -> 4425 | R43: =IFERROR((INDEX($C$3:$D$358,MATCH($P43,$E$3:$E$358,0),2)),"") -> 0
A44: כסא נוסע ימין - שורה אמצעית - פונה קדימה | B44: 12.36 | C44: 4208 | D44: 480 | E44: 6.04 | P44: {=INDEX($E$3:$E$358,MATCH(0,COUNTIF($P$1:P43,$E$3:$E$358),0))} -> 25.09 | Q44: =IFERROR((INDEX($C$3:$D$358,MATCH($P44,$E$3:$E$358,0),1)),"") -> 5275 | R44: =IFERROR((INDEX($C$3:$D$358,MATCH($P44,$E$3:$E$358,0),2)),"") -> 0
A45: כסא נוסע שמאל - שורה אמצעית - פונה קדימה | B45: 12.36 | C45: 4208 | D45: -480 | E45: 4.04 | P45: {=INDEX($E$3:$E$358,MATCH(0,COUNTIF($P$1:P44,$E$3:$E$358),0))} -> 3.09 | Q45: =IFERROR((INDEX($C$3:$D$358,MATCH($P45,$E$3:$E$358,0),1)),"") -> 3500 | R45: =IFERROR((INDEX($C$3:$D$358,MATCH($P45,$E$3:$E$358,0),2)),"") -> 550
A46: כסא נוסע ימין - שורה אחורית - פונה קדימה | B46: 12.38 | C46: 5072 | D46: 460 | E46: 9.04 | P46: {=INDEX($E$3:$E$358,MATCH(0,COUNTIF($P$1:P45,$E$3:$E$358),0))} -> 6.09 | Q46: =IFERROR((INDEX($C$3:$D$358,MATCH($P46,$E$3:$E$358,0),1)),"") -> 4000 | R46: =IFERROR((INDEX($C$3:$D$358,MATCH($P46,$E$3:$E$358,0),2)),"") -> 550
A47: כסא נוסע שמאל - שורה אחורית - פונה קדימה | B47: 12.38 | C47: 5072 | D47: -460 | E47: 7.04 | P47: {=INDEX($E$3:$E$358,MATCH(0,COUNTIF($P$1:P46,$E$3:$E$358),0))} -> 1.13 | Q47: =IFERROR((INDEX($C$3:$D$358,MATCH($P47,$E$3:$E$358,0),1)),"") -> 3265 | R47: =IFERROR((INDEX($C$3:$D$358,MATCH($P47,$E$3:$E$358,0),2)),"") -> -550
P48: {=INDEX($E$3:$E$358,MATCH(0,COUNTIF($P$1:P47,$E$3:$E$358),0))} -> 7.13 | Q48: =IFERROR((INDEX($C$3:$D$358,MATCH($P48,$E$3:$E$358,0),1)),"") -> 4400 | R48: =IFERROR((INDEX($C$3:$D$358,MATCH($P48,$E$3:$E$358,0),2)),"") -> -369
P49: {=INDEX($E$3:$E$358,MATCH(0,COUNTIF($P$1:P48,$E$3:$E$358),0))} -> 3.1 | Q49: =IFERROR((INDEX($C$3:$D$358,MATCH($P49,$E$3:$E$358,0),1)),"") -> 3250 | R49: =IFERROR((INDEX($C$3:$D$358,MATCH($P49,$E$3:$E$358,0),2)),"") -> 550
P50: {=INDEX($E$3:$E$358,MATCH(0,COUNTIF($P$1:P49,$E$3:$E$358),0))} -> 2.1 | Q50: =IFERROR((INDEX($C$3:$D$358,MATCH($P50,$E$3:$E$358,0),1)),"") -> 3250 | R50: =IFERROR((INDEX($C$3:$D$358,MATCH($P50,$E$3:$E$358,0),2)),"") -> 0
P51: {=INDEX($E$3:$E$358,MATCH(0,COUNTIF($P$1:P50,$E$3:$E$358),0))} -> 1.1 | Q51: =IFERROR((INDEX($C$3:$D$358,MATCH($P51,$E$3:$E$358,0),1)),"") -> 3250 | R51: =IFERROR((INDEX($C$3:$D$358,MATCH($P51,$E$3:$E$358,0),2)),"") -> -550
P52: {=INDEX($E$3:$E$358,MATCH(0,COUNTIF($P$1:P51,$E$3:$E$358),0))} -> 7.1 | Q52: =IFERROR((INDEX($C$3:$D$358,MATCH($P52,$E$3:$E$358,0),1)),"") -> 4850 | R52: =IFERROR((INDEX($C$3:$D$358,MATCH($P52,$E$3:$E$358,0),2)),"") -> -400
P53: {=INDEX($E$3:$E$358,MATCH(0,COUNTIF($P$1:P52,$E$3:$E$358),0))} -> 8.1 | Q53: =IFERROR((INDEX($C$3:$D$358,MATCH($P53,$E$3:$E$358,0),1)),"") -> 4850 | R53: =IFERROR((INDEX($C$3:$D$358,MATCH($P53,$E$3:$E$358,0),2)),"") -> 0
A54: תובלה - 7 כסאות | B54: תצורה # | D54: 05 | P54: {=INDEX($E$3:$E$358,MATCH(0,COUNTIF($P$1:P53,$E$3:$E$358),0))} -> 9.11 | Q54: =IFERROR((INDEX($C$3:$D$358,MATCH($P54,$E$3:$E$358,0),1)),"") -> 5000 | R54: =IFERROR((INDEX($C$3:$D$358,MATCH($P54,$E$3:$E$358,0),2)),"") -> 550
A55: כסא נוסע ימין - שורה קדמית - פונה אחורה | B55: 12.598 | C55: 3250 | D55: 550 | E55: 3.05 | P55: {=INDEX($E$3:$E$358,MATCH(0,COUNTIF($P$1:P54,$E$3:$E$358),0))} -> 7.11 | Q55: =IFERROR((INDEX($C$3:$D$358,MATCH($P55,$E$3:$E$358,0),1)),"") -> 5000 | R55: =IFERROR((INDEX($C$3:$D$358,MATCH($P55,$E$3:$E$358,0),2)),"") -> -550
A56: כסא נוסע שמאל - שורה קדמית - פונה אחורה | B56: 12.598 | C56: 3250 | D56: -550 | E56: 1.05 | P56: {=INDEX($E$3:$E$358,MATCH(0,COUNTIF($P$1:P55,$E$3:$E$358),0))} -> 21.11 | Q56: =IFERROR((INDEX($C$3:$D$358,MATCH($P56,$E$3:$E$358,0),1)),"") -> 3282 | R56: =IFERROR((INDEX($C$3:$D$358,MATCH($P56,$E$3:$E$358,0),2)),"") -> 1021
A57: כסא נוסע ימין - שורה אמצעית - פונה קדימה | B57: 12.36 | C57: 4208 | D57: 480 | E57: 6.05 | P57: {=INDEX($E$3:$E$358,MATCH(0,COUNTIF($P$1:P56,$E$3:$E$358),0))} -> 23.11 | Q57: =IFERROR((INDEX($C$3:$D$358,MATCH($P57,$E$3:$E$358,0),1)),"") -> 4147 | R57: =IFERROR((INDEX($C$3:$D$358,MATCH($P57,$E$3:$E$358,0),2)),"") -> 1021
A58: כסא נוסע שמאל - שורה אמצעית - פונה קדימה | B58: 12.36 | C58: 4208 | D58: -480 | E58: 4.05 | P58: {=INDEX($E$3:$E$358,MATCH(0,COUNTIF($P$1:P57,$E$3:$E$358),0))} -> 11.11 | Q58: =IFERROR((INDEX($C$3:$D$358,MATCH($P58,$E$3:$E$358,0),1)),"") -> 3282 | R58: =IFERROR((INDEX($C$3:$D$358,MATCH($P58,$E$3:$E$358,0),2)),"") -> -1021
A59: כסא נוסע ימין - שורה אחורית - פונה קדימה | B59: 12.38 | C59: 5072 | D59: 460 | E59: 9.05 | P59: {=INDEX($E$3:$E$358,MATCH(0,COUNTIF($P$1:P58,$E$3:$E$358),0))} -> 13.11 | Q59: =IFERROR((INDEX($C$3:$D$358,MATCH($P59,$E$3:$E$358,0),1)),"") -> 4147 | R59: =IFERROR((INDEX($C$3:$D$358,MATCH($P59,$E$3:$E$358,0),2)),"") -> -1021
A60: כסא נוסע אמצעי - שורה אחורית - פונה קדימה | B60: 10.02 | C60: 5072 | D60: 0 | E60: 8.05 | P60: {=INDEX($E$3:$E$358,MATCH(0,COUNTIF($P$1:P59,$E$3:$E$358),0))} -> 3.11 | Q60: =IFERROR((INDEX($C$3:$D$358,MATCH($P60,$E$3:$E$358,0),1)),"") -> 3500 | R60: =IFERROR((INDEX($C$3:$D$358,MATCH($P60,$E$3:$E$358,0),2)),"") -> 550
A61: כסא נוסע שמאל - שורה אחורית - פונה קדימה | B61: 12.38 | C61: 5072 | D61: -460 | E61: 7.05 | P61: {=INDEX($E$3:$E$358,MATCH(0,COUNTIF($P$1:P60,$E$3:$E$358),0))} -> 6.11 | Q61: =IFERROR((INDEX($C$3:$D$358,MATCH($P61,$E$3:$E$358,0),1)),"") -> 4000 | R61: =IFERROR((INDEX($C$3:$D$358,MATCH($P61,$E$3:$E$358,0),2)),"") -> 550
P62: {=INDEX($E$3:$E$358,MATCH(0,COUNTIF($P$1:P61,$E$3:$E$358),0))} -> 1.11 | Q62: =IFERROR((INDEX($C$3:$D$358,MATCH($P62,$E$3:$E$358,0),1)),"") -> 3500 | R62: =IFERROR((INDEX($C$3:$D$358,MATCH($P62,$E$3:$E$358,0),2)),"") -> -550
P63: {=INDEX($E$3:$E$358,MATCH(0,COUNTIF($P$1:P62,$E$3:$E$358),0))} -> 4.11 | Q63: =IFERROR((INDEX($C$3:$D$358,MATCH($P63,$E$3:$E$358,0),1)),"") -> 4000 | R63: =IFERROR((INDEX($C$3:$D$358,MATCH($P63,$E$3:$E$358,0),2)),"") -> -550
P64: {=INDEX($E$3:$E$358,MATCH(0,COUNTIF($P$1:P63,$E$3:$E$358),0))} -> 21.12 | Q64: =IFERROR((INDEX($C$3:$D$358,MATCH($P64,$E$3:$E$358,0),1)),"") -> 3500 | R64: =IFERROR((INDEX($C$3:$D$358,MATCH($P64,$E$3:$E$358,0),2)),"") -> 550
P65: {=INDEX($E$3:$E$358,MATCH(0,COUNTIF($P$1:P64,$E$3:$E$358),0))} -> 3.12 | Q65: =IFERROR((INDEX($C$3:$D$358,MATCH($P65,$E$3:$E$358,0),1)),"") -> 3950 | R65: =IFERROR((INDEX($C$3:$D$358,MATCH($P65,$E$3:$E$358,0),2)),"") -> 370
P66: {=INDEX($E$3:$E$358,MATCH(0,COUNTIF($P$1:P65,$E$3:$E$358),0))} -> 6.12 | Q66: =IFERROR((INDEX($C$3:$D$358,MATCH($P66,$E$3:$E$358,0),1)),"") -> 4450 | R66: =IFERROR((INDEX($C$3:$D$358,MATCH($P66,$E$3:$E$358,0),2)),"") -> 370
A67: תובלה - 8 כסאות | B67: תצורה # | D67: 06 | P67: {=INDEX($E$3:$E$358,MATCH(0,COUNTIF($P$1:P66,$E$3:$E$358),0))} -> 9.12 | Q67: =IFERROR((INDEX($C$3:$D$358,MATCH($P67,$E$3:$E$358,0),1)),"") -> 4950 | R67: =IFERROR((INDEX($C$3:$D$358,MATCH($P67,$E$3:$E$358,0),2)),"") -> 370
A68: כסא נוסע ימין - שורה קדמית - פונה קדימה | B68: 12.598 | C68: 3250 | D68: 550 | E68: 3.06 | P68: {=INDEX($E$3:$E$358,MATCH(0,COUNTIF($P$1:P67,$E$3:$E$358),0))} -> 1.12 | Q68: =IFERROR((INDEX($C$3:$D$358,MATCH($P68,$E$3:$E$358,0),1)),"") -> 4500 | R68: =IFERROR((INDEX($C$3:$D$358,MATCH($P68,$E$3:$E$358,0),2)),"") -> -550
A69: כסא נוסע אמצעי - שורה קדמית - פונה קדימה | B69: 10.02 | C69: 3250 | D69: 0 | E69: 2.06 | P69: {=INDEX($E$3:$E$358,MATCH(0,COUNTIF($P$1:P68,$E$3:$E$358),0))} -> 4.12 | Q69: =IFERROR((INDEX($C$3:$D$358,MATCH($P69,$E$3:$E$358,0),1)),"") -> 5000 | R69: =IFERROR((INDEX($C$3:$D$358,MATCH($P69,$E$3:$E$358,0),2)),"") -> -550
A70: כסא נוסע שמאל - שורה קדמית - פונה קדימה | B70: 12.598 | C70: 3250 | D70: -550 | E70: 1.06 | P70: {=INDEX($E$3:$E$358,MATCH(0,COUNTIF($P$1:P69,$E$3:$E$358),0))} -> 7.12 | Q70: =IFERROR((INDEX($C$3:$D$358,MATCH($P70,$E$3:$E$358,0),1)),"") -> 5500 | R70: =IFERROR((INDEX($C$3:$D$358,MATCH($P70,$E$3:$E$358,0),2)),"") -> -550
A71: כסא נוסע ימין - שורה אמצעית - פונה קדימה | B71: 12.36 | C71: 4208 | D71: 480 | E71: 6.06 | P71: {=INDEX($E$3:$E$358,MATCH(0,COUNTIF($P$1:P70,$E$3:$E$358),0))} -> 3.13 | Q71: =IFERROR((INDEX($C$3:$D$358,MATCH($P71,$E$3:$E$358,0),1)),"") -> 3265 | R71: =IFERROR((INDEX($C$3:$D$358,MATCH($P71,$E$3:$E$358,0),2)),"") -> 550
A72: כסא נוסע שמאל - שורה אמצעית - פונה קדימה | B72: 12.36 | C72: 4208 | D72: -480 | E72: 4.06 | P72: {=INDEX($E$3:$E$358,MATCH(0,COUNTIF($P$1:P71,$E$3:$E$358),0))} -> 6.13 | Q72: =IFERROR((INDEX($C$3:$D$358,MATCH($P72,$E$3:$E$358,0),1)),"") -> 4400 | R72: =IFERROR((INDEX($C$3:$D$358,MATCH($P72,$E$3:$E$358,0),2)),"") -> 369
A73: כסא נוסע ימין - שורה אחורית - פונה קדימה | B73: 12.38 | C73: 5072 | D73: 460 | E73: 9.06 | P73: {=INDEX($E$3:$E$358,MATCH(0,COUNTIF($P$1:P72,$E$3:$E$358),0))} -> 4.13 | Q73: =IFERROR((INDEX($C$3:$D$358,MATCH($P73,$E$3:$E$358,0),1)),"") -> 4400 | R73: =IFERROR((INDEX($C$3:$D$358,MATCH($P73,$E$3:$E$358,0),2)),"") -> -369
A74: כסא נוסע אמצעי - שורה אחורית - פונה קדימה | B74: 10.02 | C74: 5072 | D74: 0 | E74: 8.06 | P74: {=INDEX($E$3:$E$358,MATCH(0,COUNTIF($P$1:P73,$E$3:$E$358),0))} -> 22.13 | Q74: =IFERROR((INDEX($C$3:$D$358,MATCH($P74,$E$3:$E$358,0),1)),"") -> 3800 | R74: =IFERROR((INDEX($C$3:$D$358,MATCH($P74,$E$3:$E$358,0),2)),"") -> 0
A75: כסא נוסע שמאל - שורה אחורית - פונה קדימה | B75: 12.38 | C75: 5072 | D75: -460 | E75: 7.06 | P75: {=INDEX($E$3:$E$358,MATCH(0,COUNTIF($P$1:P74,$E$3:$E$358),0))} -> 23.14 | Q75: =IFERROR((INDEX($C$3:$D$358,MATCH($P75,$E$3:$E$358,0),1)),"") -> 4500 | R75: =IFERROR((INDEX($C$3:$D$358,MATCH($P75,$E$3:$E$358,0),2)),"") -> 0
P76: {=INDEX($E$3:$E$358,MATCH(0,COUNTIF($P$1:P75,$E$3:$E$358),0))} -> 23.15 | Q76: =IFERROR((INDEX($C$3:$D$358,MATCH($P76,$E$3:$E$358,0),1)),"") -> 4425 | R76: =IFERROR((INDEX($C$3:$D$358,MATCH($P76,$E$3:$E$358,0),2)),"") -> 0
A80: שתפ לוחמים - ללא פלסיב | B80: תצורה # | D80: 07
A82: לוחם ימני קדמי | C82: 3500 | D82: 550 | E82: 3.07
A83: לוחם ימני מרכזי | C83: 4500 | D83: 550 | E83: 6.07
A84: לוחם ימני אחורי | C84: 5500 | D84: 550 | E84: 9.07
A86: לוחם שמאלי קדמי | C86: 3500 | D86: -550 | E86: 1.07
A87: לוחם שמאלי מרכזי | C87: 4500 | D87: -550 | E87: 4.07
A88: לוחם שמאלי אחורי | C88: 5500 | D88: -550 | E88: 7.07
A93: שתפ לוחמים - עם פלסיב | B93: תצורה # | D93: 08
A94: פלסיב ימין | B94: 6 | C94: 4700 | D94: 540
A95: לוחם ימני קדמי | C95: 3950 | D95: 540 | E95: 3.08
A96: לוחם ימני מרכזי | C96: 4450 | D96: 540 | E96: 6.08
A97: לוחם ימני אחורי | C97: 4950 | D97: 540 | E97: 9.08
A98: פלסיב שמאל | B98: 6 | C98: 4700 | D98: -540
A99: לוחם שמאלי קדמי | C99: 3950 | D99: -540 | E99: 1.08
A100: לוחם שמאלי מרכזי | C100: 4450 | D100: -540 | E100: 4.08
A101: לוחם שמאלי אחורי | C101: 4950 | D101: -540 | E101: 7.08
A106: להבה - 4 לוחמים + ציוד + 2 כסאות | B106: תצורה # | D106: 09
A107: ציוד קדמי | C107: 4425 | D107: 0 | E107: 23.09
A108: ציוד אחורי | C108: 5275 | D108: 0 | E108: 25.09
A109: לוחם ימני קדמי | C109: 3500 | D109: 550 | E109: 3.09
A110: לוחם ימני אחורי | C110: 4000 | D110: 550 | E110: 6.09
A111: כסא נוסע שמאל - שורה קדמית - פונה אחורה | B111: 12.598 | C111: 3265 | D111: -550 | E111: 1.13
A112: כסא נוסע שמאל - שורה אמצעית | B112: 12.598 | C112: 4400 | D112: -369 | E112: 7.13
A119: פינוי בהיטס | B119: תצורה # | D119: 10
...

Sheet CARGO
V1: גובה | W1: טמפ
V2: 0 | W2: 0 | AB2: FWD FUEL TABLE | AE2: CARGO PAYLOAD | AF2: MAX ALLOWABLE EXT CARGO PER FUEL WEIGHT | AN2: LIMITING FUEL
I3: טמפ | J3: =userTEMP -> 20 | K3: =userTEMP+273.15 -> 293.15 | L3: ACTUAL | V3: 100 | W3: 1 | AB3: EXCL. CARGO WEIGHT
I4: גובה | J4: =userALT -> 2000 | K4: =15-userALT/1000*2+273.15 -> 284.15 | L4: SANDARD | V4: 200 | W4: 2 | AB4: =נתונים!AB4 -> MASS | AC4: =נתונים!AC4 -> LONG ARM | AD4: LONG MM | AF4: 100 | AG4: 200 | AH4: 300 | AI4: 400 | AJ4: 500 | AK4: 600 | AL4: 700 | AM4: 800
I5: ISA+35 | J5: =50-userALT/1000*2 -> 46 | V5: 300 | W5: 3 | AA5: 0 | AB5: =נתונים!AB5-SUM(externalLOADwt) -> 2699.602 | AC5: =AD5/AB5 -> 4505.1075 | AD5: =נתונים!AC5*נתונים!AB5-SUM(externalLOADmoment) -> 12161997 | AE5: BELOW MIN FUEL
I6: DA | J6: =userALT+(ST_tempK/0.001981)*(1-POWER(ST_tempK/ACT_tempK,0.234969)) -> 3047.1041 | V6: 400 | W6: 4 | AA6: 10 | AB6: =נתונים!AB6-SUM(externalLOADwt) -> 2709.602 | AC6: =AD6/AB6 -> 4501.7782 | AD6: =נתונים!AC6*נתונים!AB6-SUM(externalLOADmoment) -> 12198027
M7: TRUE? | V7: 500 | W7: 5 | AA7: 20 | AB7: =נתונים!AB7-SUM(externalLOADwt) -> 2719.602 | AC7: =AD7/AB7 -> 4498.4587 | AD7: =נתונים!AC7*נתונים!AB7-SUM(externalLOADmoment) -> 12234017
V8: 600 | W8: 6 | AA8: 30 | AB8: =נתונים!AB8-SUM(externalLOADwt) -> 2729.602 | AC8: =AD8/AB8 -> 4495.1378 | AD8: =נתונים!AC8*נתונים!AB8-SUM(externalLOADmoment) -> 12269937
J9: PROHIBITED | L9: IS OAT > ISA35? | M9: =userTEMP>ISA_35 -> FALSE | V9: 700 | W9: 7 | AA9: 40 | AB9: =נתונים!AB9-SUM(externalLOADwt) -> 2739.602 | AC9: =AD9/AB9 -> 4491.8193 | AD9: =נתונים!AC9*נתונים!AB9-SUM(externalLOADmoment) -> 12305797
J10: PROHIBITED FOR TAKEOFF AND LANDING | L10: IS DA > 8000 | M10: =DensityAlt>8000 -> FALSE | V10: 800 | W10: 8 | AA10: 50 | AB10: =נתונים!AB10-SUM(externalLOADwt) -> 2749.602 | AC10: =AD10/AB10 -> 4488.5213 | AD10: =נתונים!AC10*נתונים!AB10-SUM(externalLOADmoment) -> 12341647
V11: 900 | W11: 9 | AA11: 60 | AB11: =נתונים!AB11-SUM(externalLOADwt) -> 2759.602 | AC11: =AD11/AB11 -> 4485.211 | AD11: =נתונים!AC11*נתונים!AB11-SUM(externalLOADmoment) -> 12377397
I12: =IF(OR($M$8,$M$9),"PROHIBITED",IF($M$10,"PROHIBITED FOR TAKEOFF AND LANDING","OVER 3700 APPROVED")) -> OVER 3700 APPROVED | V12: 1000 | W12: 10 | AA12: 70 | AB12: =נתונים!AB12-SUM(externalLOADwt) -> 2769.602 | AC12: =AD12/AB12 -> 4481.9029 | AD12: =נתונים!AC12*נתונים!AB12-SUM(externalLOADmoment) -> 12413087
V13: 1100 | W13: 11 | AA13: 80 | AB13: =נתונים!AB13-SUM(externalLOADwt) -> 2779.602 | AC13: =AD13/AB13 -> 4478.597 | AD13: =נתונים!AC13*נתונים!AB13-SUM(externalLOADmoment) -> 12448717
V14: 1200 | W14: 12 | AA14: 90 | AB14: =נתונים!AB14-SUM(externalLOADwt) -> 2789.602 | AC14: =AD14/AB14 -> 4475.3256 | AD14: =נתונים!AC14*נתונים!AB14-SUM(externalLOADmoment) -> 12484377
V15: 1300 | W15: 13 | AA15: 100 | AB15: =נתונים!AB15-SUM(externalLOADwt) -> 2799.602 | AC15: =AD15/AB15 -> 4472.0633 | AD15: =נתונים!AC15*נתונים!AB15-SUM(externalLOADmoment) -> 12519997 | AE15: =IF(3700-AB15>800,800,3700-AB15) -> 800 | AF15: =IF((($AB15-H$49)/H$48)<$AC15,AF$4,FALSE) -> 100 | AG15: =IF((($AB15-I$49)/I$48)<$AC15,AG$4,FALSE) -> 200 | AH15: =IF((($AB15-J$49)/J$48)<$AC15,AH$4,FALSE) -> 300 | AI15: =IF((($AB15-K$49)/K$48)<$AC15,AI$4,FALSE) -> 400 | AJ15: =IF((($AB15-L$49)/L$48)<$AC15,AJ$4,FALSE) -> 500 | AK15: =IF((($AB15-M$49)/M$48)<$AC15,AK$4,FALSE) -> 600 | AL15: =IF((($AB15-N$49)/N$48)<$AC15,AL$4,FALSE) -> 700 | AM15: =IF((($AB15-O$49)/O$48)<$AC15,AM$4,FALSE) -> 800 | AN15: =IF(MAX(AF15:AM15)<AE15,AA15,TRUE) -> TRUE
V16: 1400 | W16: 14 | AA16: 110 | AB16: =נתונים!AB16-SUM(externalLOADwt) -> 2809.602 | AC16: =AD16/AB16 -> 4468.8491 | AD16: =נתונים!AC16*נתונים!AB16-SUM(externalLOADmoment) -> 12555687 | AE16: =IF(3700-AB16>800,800,3700-AB16) -> 800 | AF16: =IF((($AB16-H$49)/H$48)<$AC16,AF$4,FALSE) -> 100 | AG16: =IF((($AB16-I$49)/I$48)<$AC16,AG$4,FALSE) -> 200 | AH16: =IF((($AB16-J$49)/J$48)<$AC16,AH$4,FALSE) -> 300 | AI16: =IF((($AB16-K$49)/K$48)<$AC16,AI$4,FALSE) -> 400 | AJ16: =IF((($AB16-L$49)/L$48)<$AC16,AJ$4,FALSE) -> 500 | AK16: =IF((($AB16-M$49)/M$48)<$AC16,AK$4,FALSE) -> 600 | AL16: =IF((($AB16-N$49)/N$48)<$AC16,AL$4,FALSE) -> 700 | AM16: =IF((($AB16-O$49)/O$48)<$AC16,AM$4,FALSE) -> 800 | AN16: =IF(MAX(AF16:AM16)<AE16,AA16,TRUE) -> TRUE
V17: 1500 | W17: 15 | AA17: 120 | AB17: =נתונים!AB17-SUM(externalLOADwt) -> 2819.602 | AC17: =AD17/AB17 -> 4465.608 | AD17: =נתונים!AC17*נתונים!AB17-SUM(externalLOADmoment) -> 12591237 | AE17: =IF(3700-AB17>800,800,3700-AB17) -> 800 | AF17: =IF((($AB17-H$49)/H$48)<$AC17,AF$4,FALSE) -> 100 | AG17: =IF((($AB17-I$49)/I$48)<$AC17,AG$4,FALSE) -> 200 | AH17: =IF((($AB17-J$49)/J$48)<$AC17,AH$4,FALSE) -> 300 | AI17: =IF((($AB17-K$49)/K$48)<$AC17,AI$4,FALSE) -> 400 | AJ17: =IF((($AB17-L$49)/L$48)<$AC17,AJ$4,FALSE) -> 500 | AK17: =IF((($AB17-M$49)/M$48)<$AC17,AK$4,FALSE) -> 600 | AL17: =IF((($AB17-N$49)/N$48)<$AC17,AL$4,FALSE) -> 700 | AM17: =IF((($AB17-O$49)/O$48)<$AC17,AM$4,FALSE) -> 800 | AN17: =IF(MAX(AF17:AM17)<AE17,AA17,TRUE) -> TRUE
I18: משקל מירבי רצוי | K18: =userMAXGROSS -> 3700 | V18: 1600 | W18: 16 | AA18: 130 | AB18: =נתונים!AB18-SUM(externalLOADwt) -> 2829.602 | AC18: =AD18/AB18 -> 4462.4217 | AD18: =נתונים!AC18*נתונים!AB18-SUM(externalLOADmoment) -> 12626877 | AE18: =IF(3700-AB18>800,800,3700-AB18) -> 800 | AF18: =IF((($AB18-H$49)/H$48)<$AC18,AF$4,FALSE) -> 100 | AG18: =IF((($AB18-I$49)/I$48)<$AC18,AG$4,FALSE) -> 200 | AH18: =IF((($AB18-J$49)/J$48)<$AC18,AH$4,FALSE) -> 300 | AI18: =IF((($AB18-K$49)/K$48)<$AC18,AI$4,FALSE) -> 400 | AJ18: =IF((($AB18-L$49)/L$48)<$AC18,AJ$4,FALSE) -> 500 | AK18: =IF((($AB18-M$49)/M$48)<$AC18,AK$4,FALSE) -> 600 | AL18: =IF((($AB18-N$49)/N$48)<$AC18,AL$4,FALSE) -> 700 | AM18: =IF((($AB18-O$49)/O$48)<$AC18,AM$4,FALSE) -> 800 | AN18: =IF(MAX(AF18:AM18)<AE18,AA18,TRUE) -> TRUE
I19: משקל מירבי מותר | K19: =IF(userMAXGROSS=3700,3700,IF(OR(M9:M10),3700,3800)) -> 3700 | V19: 1700 | W19: 17 | AA19: 140 | AB19: =נתונים!AB19-SUM(externalLOADwt) -> 2839.602 | AC19: =AD19/AB19 -> 4461.7652 | AD19: =נתונים!AC19*נתונים!AB19-SUM(externalLOADmoment) -> 12669637 | AE19: =IF(3700-AB19>800,800,3700-AB19) -> 800 | AF19: =IF((($AB19-H$49)/H$48)<$AC19,AF$4,FALSE) -> 100 | AG19: =IF((($AB19-I$49)/I$48)<$AC19,AG$4,FALSE) -> 200 | AH19: =IF((($AB19-J$49)/J$48)<$AC19,AH$4,FALSE) -> 300 | AI19: =IF((($AB19-K$49)/K$48)<$AC19,AI$4,FALSE) -> 400 | AJ19: =IF((($AB19-L$49)/L$48)<$AC19,AJ$4,FALSE) -> 500 | AK19: =IF((($AB19-M$49)/M$48)<$AC19,AK$4,FALSE) -> 600 | AL19: =IF((($AB19-N$49)/N$48)<$AC19,AL$4,FALSE) -> 700 | AM19: =IF((($AB19-O$49)/O$48)<$AC19,AM$4,FALSE) -> 800 | AN19: =IF(MAX(AF19:AM19)<AE19,AA19,TRUE) -> TRUE
V20: 1800 | W20: 18 | AA20: 150 | AB20: =נתונים!AB20-SUM(externalLOADwt) -> 2849.602 | AC20: =AD20/AB20 -> 4461.8327 | AD20: =נתונים!AC20*נתונים!AB20-SUM(externalLOADmoment) -> 12714447 | AE20: =IF(3700-AB20>800,800,3700-AB20) -> 800 | AF20: =IF((($AB20-H$49)/H$48)<$AC20,AF$4,FALSE) -> 100 | AG20: =IF((($AB20-I$49)/I$48)<$AC20,AG$4,FALSE) -> 200 | AH20: =IF((($AB20-J$49)/J$48)<$AC20,AH$4,FALSE) -> 300 | AI20: =IF((($AB20-K$49)/K$48)<$AC20,AI$4,FALSE) -> 400 | AJ20: =IF((($AB20-L$49)/L$48)<$AC20,AJ$4,FALSE) -> 500 | AK20: =IF((($AB20-M$49)/M$48)<$AC20,AK$4,FALSE) -> 600 | AL20: =IF((($AB20-N$49)/N$48)<$AC20,AL$4,FALSE) -> 700 | AM20: =IF((($AB20-O$49)/O$48)<$AC20,AM$4,FALSE) -> 800 | AN20: =IF(MAX(AF20:AM20)<AE20,AA20,TRUE) -> TRUE
E21: TOP OF LON CG GRAPH | I21: מירבי מינוס 100 | K21: =ראשי!$L$43="כן" -> FALSE | V21: 1900 | W21: 19 | AA21: 160 | AB21: =נתונים!AB21-SUM(externalLOADwt) -> 2859.602 | AC21: =AD21/AB21 -> 4461.9626 | AD21: =נתונים!AC21*נתונים!AB21-SUM(externalLOADmoment) -> 12759437 | AE21: =IF(3700-AB21>800,800,3700-AB21) -> 800 | AF21: =IF((($AB21-H$49)/H$48)<$AC21,AF$4,FALSE) -> 100 | AG21: =IF((($AB21-I$49)/I$48)<$AC21,AG$4,FALSE) -> 200 | AH21: =IF((($AB21-J$49)/J$48)<$AC21,AH$4,FALSE) -> 300 | AI21: =IF((($AB21-K$49)/K$48)<$AC21,AI$4,FALSE) -> 400 | AJ21: =IF((($AB21-L$49)/L$48)<$AC21,AJ$4,FALSE) -> 500 | AK21: =IF((($AB21-M$49)/M$48)<$AC21,AK$4,FALSE) -> 600 | AL21: =IF((($AB21-N$49)/N$48)<$AC21,AL$4,FALSE) -> 700 | AM21: =IF((($AB21-O$49)/O$48)<$AC21,AM$4,FALSE) -> 800 | AN21: =IF(MAX(AF21:AM21)<AE21,AA21,TRUE) -> TRUE
F22: X | G22: Y | I22: MAXGROSS | K22: =IF(MINUS100,$K$19-100,$K$19) -> 3700 | V22: 2000 | W22: 20 | AA22: 170 | AB22: =נתונים!AB22-SUM(externalLOADwt) -> 2869.602 | AC22: =AD22/AB22 -> 4462.0325 | AD22: =נתונים!AC22*נתונים!AB22-SUM(externalLOADmoment) -> 12804257 | AE22: =IF(3700-AB22>800,800,3700-AB22) -> 800 | AF22: =IF((($AB22-H$49)/H$48)<$AC22,AF$4,FALSE) -> 100 | AG22: =IF((($AB22-I$49)/I$48)<$AC22,AG$4,FALSE) -> 200 | AH22: =IF((($AB22-J$49)/J$48)<$AC22,AH$4,FALSE) -> 300 | AI22: =IF((($AB22-K$49)/K$48)<$AC22,AI$4,FALSE) -> 400 | AJ22: =IF((($AB22-L$49)/L$48)<$AC22,AJ$4,FALSE) -> 500 | AK22: =IF((($AB22-M$49)/M$48)<$AC22,AK$4,FALSE) -> 600 | AL22: =IF((($AB22-N$49)/N$48)<$AC22,AL$4,FALSE) -> 700 | AM22: =IF((($AB22-O$49)/O$48)<$AC22,AM$4,FALSE) -> 800 | AN22: =IF(MAX(AF22:AM22)<AE22,AA22,TRUE) -> TRUE
B23: 4535 | C23: 4380 | E23: FWD | F23: =($G23-נתונים!$AR$32)/נתונים!AQ32 -> 4380 | G23: =MAXGROSS -> 3700 | V23: 2100 | W23: 21 | AA23: 180 | AB23: =נתונים!AB23-SUM(externalLOADwt) -> 2879.602 | AC23: =AD23/AB23 -> 4462.1574 | AD23: =נתונים!AC23*נתונים!AB23-SUM(externalLOADmoment) -> 12849237 | AE23: =IF(3700-AB23>800,800,3700-AB23) -> 800 | AF23: =IF((($AB23-H$49)/H$48)<$AC23,AF$4,FALSE) -> 100 | AG23: =IF((($AB23-I$49)/I$48)<$AC23,AG$4,FALSE) -> 200 | AH23: =IF((($AB23-J$49)/J$48)<$AC23,AH$4,FALSE) -> 300 | AI23: =IF((($AB23-K$49)/K$48)<$AC23,AI$4,FALSE) -> 400 | AJ23: =IF((($AB23-L$49)/L$48)<$AC23,AJ$4,FALSE) -> 500 | AK23: =IF((($AB23-M$49)/M$48)<$AC23,AK$4,FALSE) -> 600 | AL23: =IF((($AB23-N$49)/N$48)<$AC23,AL$4,FALSE) -> 700 | AM23: =IF((($AB23-O$49)/O$48)<$AC23,AM$4,FALSE) -> 800 | AN23: =IF(MAX(AF23:AM23)<AE23,AA23,TRUE) -> TRUE
B24: 4525 | C24: 4383 | E24: AFT | F24: =(MAXGROSS-נתונים!AR33)/נתונים!AQ33 -> 4535 | G24: =MAXGROSS -> 3700 | V24: 2200 | W24: 22 | AA24: 190 | AB24: =נתונים!AB24-SUM(externalLOADwt) -> 2889.602 | AC24: =AD24/AB24 -> 4462.2952 | AD24: =נתונים!AC24*נתונים!AB24-SUM(externalLOADmoment) -> 12894257 | AE24: =IF(3700-AB24>800,800,3700-AB24) -> 800 | AF24: =IF((($AB24-H$49)/H$48)<$AC24,AF$4,FALSE) -> 100 | AG24: =IF((($AB24-I$49)/I$48)<$AC24,AG$4,FALSE) -> 200 | AH24: =IF((($AB24-J$49)/J$48)<$AC24,AH$4,FALSE) -> 300 | AI24: =IF((($AB24-K$49)/K$48)<$AC24,AI$4,FALSE) -> 400 | AJ24: =IF((($AB24-L$49)/L$48)<$AC24,AJ$4,FALSE) -> 500 | AK24: =IF((($AB24-M$49)/M$48)<$AC24,AK$4,FALSE) -> 600 | AL24: =IF((($AB24-N$49)/N$48)<$AC24,AL$4,FALSE) -> 700 | AM24: =IF((($AB24-O$49)/O$48)<$AC24,AM$4,FALSE) -> 800 | AN24: =IF(MAX(AF24:AM24)<AE24,AA24,TRUE) -> TRUE
V25: 2300 | W25: 23 | AA25: 200 | AB25: =נתונים!AB25-SUM(externalLOADwt) -> 2899.602 | AC25: =AD25/AB25 -> 4462.4736 | AD25: =נתונים!AC25*נתונים!AB25-SUM(externalLOADmoment) -> 12939397 | AE25: =IF(3700-AB25>800,800,3700-AB25) -> 800 | AF25: =IF((($AB25-H$49)/H$48)<$AC25,AF$4,FALSE) -> 100 | AG25: =IF((($AB25-I$49)/I$48)<$AC25,AG$4,FALSE) -> 200 | AH25: =IF((($AB25-J$49)/J$48)<$AC25,AH$4,FALSE) -> 300 | AI25: =IF((($AB25-K$49)/K$48)<$AC25,AI$4,FALSE) -> 400 | AJ25: =IF((($AB25-L$49)/L$48)<$AC25,AJ$4,FALSE) -> 500 | AK25: =IF((($AB25-M$49)/M$48)<$AC25,AK$4,FALSE) -> 600 | AL25: =IF((($AB25-N$49)/N$48)<$AC25,AL$4,FALSE) -> 700 | AM25: =IF((($AB25-O$49)/O$48)<$AC25,AM$4,FALSE) -> 800 | AN25: =IF(MAX(AF25:AM25)<AE25,AA25,TRUE) -> TRUE
V26: 2400 | W26: 24 | AA26: 210 | AB26: =נתונים!AB26-SUM(externalLOADwt) -> 2909.602 | AC26: =AD26/AB26 -> 4462.661 | AD26: =נתונים!AC26*נתונים!AB26-SUM(externalLOADmoment) -> 12984567 | AE26: =IF(3700-AB26>800,800,3700-AB26) -> 790.398 | AF26: =IF((($AB26-H$49)/H$48)<$AC26,AF$4,FALSE) -> 100 | AG26: =IF((($AB26-I$49)/I$48)<$AC26,AG$4,FALSE) -> 200 | AH26: =IF((($AB26-J$49)/J$48)<$AC26,AH$4,FALSE) -> 300 | AI26: =IF((($AB26-K$49)/K$48)<$AC26,AI$4,FALSE) -> 400 | AJ26: =IF((($AB26-L$49)/L$48)<$AC26,AJ$4,FALSE) -> 500 | AK26: =IF((($AB26-M$49)/M$48)<$AC26,AK$4,FALSE) -> 600 | AL26: =IF((($AB26-N$49)/N$48)<$AC26,AL$4,FALSE) -> 700 | AM26: =IF((($AB26-O$49)/O$48)<$AC26,AM$4,FALSE) -> 800 | AN26: =IF(MAX(AF26:AM26)<AE26,AA26,TRUE) -> TRUE
D27: MAX CARGO CHECK | V27: 2500 | W27: 25 | AA27: 220 | AB27: =נתונים!AB27-SUM(externalLOADwt) -> 2919.602 | AC27: =AD27/AB27 -> 4462.8265 | AD27: =נתונים!AC27*נתונים!AB27-SUM(externalLOADmoment) -> 13029677 | AE27: =IF(3700-AB27>800,800,3700-AB27) -> 780.398 | AF27: =IF((($AB27-H$49)/H$48)<$AC27,AF$4,FALSE) -> 100 | AG27: =IF((($AB27-I$49)/I$48)<$AC27,AG$4,FALSE) -> 200 | AH27: =IF((($AB27-J$49)/J$48)<$AC27,AH$4,FALSE) -> 300 | AI27: =IF((($AB27-K$49)/K$48)<$AC27,AI$4,FALSE) -> 400 | AJ27: =IF((($AB27-L$49)/L$48)<$AC27,AJ$4,FALSE) -> 500 | AK27: =IF((($AB27-M$49)/M$48)<$AC27,AK$4,FALSE) -> 600 | AL27: =IF((($AB27-N$49)/N$48)<$AC27,AL$4,FALSE) -> 700 | AM27: =IF((($AB27-O$49)/O$48)<$AC27,AM$4,FALSE) -> 800 | AN27: =IF(MAX(AF27:AM27)<AE27,AA27,TRUE) -> TRUE
V28: 2600 | W28: 26 | AA28: 230 | AB28: =נתונים!AB28-SUM(externalLOADwt) -> 2929.602 | AC28: =AD28/AB28 -> 4465.295 | AD28: =נתונים!AC28*נתונים!AB28-SUM(externalLOADmoment) -> 13081537 | AE28: =IF(3700-AB28>800,800,3700-AB28) -> 770.398 | AF28: =IF((($AB28-H$49)/H$48)<$AC28,AF$4,FALSE) -> 100 | AG28: =IF((($AB28-I$49)/I$48)<$AC28,AG$4,FALSE) -> 200 | AH28: =IF((($AB28-J$49)/J$48)<$AC28,AH$4,FALSE) -> 300 | AI28: =IF((($AB28-K$49)/K$48)<$AC28,AI$4,FALSE) -> 400 | AJ28: =IF((($AB28-L$49)/L$48)<$AC28,AJ$4,FALSE) -> 500 | AK28: =IF((($AB28-M$49)/M$48)<$AC28,AK$4,FALSE) -> 600 | AL28: =IF((($AB28-N$49)/N$48)<$AC28,AL$4,FALSE) -> 700 | AM28: =IF((($AB28-O$49)/O$48)<$AC28,AM$4,FALSE) -> 800 | AN28: =IF(MAX(AF28:AM28)<AE28,AA28,TRUE) -> TRUE
D29: WEIGHT WITHOUT CARGO1 | V29: 2700 | W29: 27 | AA29: 240 | AB29: =נתונים!AB29-SUM(externalLOADwt) -> 2939.602 | AC29: =AD29/AB29 -> 4468.1958 | AD29: =נתונים!AC29*נתונים!AB29-SUM(externalLOADmoment) -> 13134717 | AE29: =IF(3700-AB29>800,800,3700-AB29) -> 760.398 | AF29: =IF((($AB29-H$49)/H$48)<$AC29,AF$4,FALSE) -> 100 | AG29: =IF((($AB29-I$49)/I$48)<$AC29,AG$4,FALSE) -> 200 | AH29: =IF((($AB29-J$49)/J$48)<$AC29,AH$4,FALSE) -> 300 | AI29: =IF((($AB29-K$49)/K$48)<$AC29,AI$4,FALSE) -> 400 | AJ29: =IF((($AB29-L$49)/L$48)<$AC29,AJ$4,FALSE) -> 500 | AK29: =IF((($AB29-M$49)/M$48)<$AC29,AK$4,FALSE) -> 600 | AL29: =IF((($AB29-N$49)/N$48)<$AC29,AL$4,FALSE) -> 700 | AM29: =IF((($AB29-O$49)/O$48)<$AC29,AM$4,FALSE) -> 800 | AN29: =IF(MAX(AF29:AM29)<AE29,AA29,TRUE) -> TRUE
D30: מסוק | F30: LONG ARM | H30: מומנט אורכי | V30: 2800 | W30: 28 | AA30: 250 | AB30: =נתונים!AB30-SUM(externalLOADwt) -> 2949.602 | AC30: =AD30/AB30 -> 4471.1108 | AD30: =נתונים!AC30*נתונים!AB30-SUM(externalLOADmoment) -> 13187997 | AE30: =IF(3700-AB30>800,800,3700-AB30) -> 750.398 | AF30: =IF((($AB30-H$49)/H$48)<$AC30,AF$4,FALSE) -> 100 | AG30: =IF((($AB30-I$49)/I$48)<$AC30,AG$4,FALSE) -> 200 | AH30: =IF((($AB30-J$49)/J$48)<$AC30,AH$4,FALSE) -> 300 | AI30: =IF((($AB30-K$49)/K$48)<$AC30,AI$4,FALSE) -> 400 | AJ30: =IF((($AB30-L$49)/L$48)<$AC30,AJ$4,FALSE) -> 500 | AK30: =IF((($AB30-M$49)/M$48)<$AC30,AK$4,FALSE) -> 600 | AL30: =IF((($AB30-N$49)/N$48)<$AC30,AL$4,FALSE) -> 700 | AM30: =IF((($AB30-O$49)/O$48)<$AC30,AM$4,FALSE) -> 800 | AN30: =IF(MAX(AF30:AM30)<AE30,AA30,TRUE) -> TRUE
D31: =takeoffWT1-SUM(externalLOADwt) -> 3200 | F31: =H31/D31 -> 4482.5879 | H31: =takeoffWT1*takeoffARM1-SUM(externalLOADmoment) -> 14344281 | R31: =IF(F31>4500,"AFT","FWD") -> FWD | S31: CARGO LIMIT AREA | V31: 2900 | W31: 29 | AA31: 260 | AB31: =נתונים!AB31-SUM(externalLOADwt) -> 2959.602 | AC31: =AD31/AB31 -> 4473.7357 | AD31: =נתונים!AC31*נתונים!AB31-SUM(externalLOADmoment) -> 13240477 | AE31: =IF(3700-AB31>800,800,3700-AB31) -> 740.398 | AF31: =IF((($AB31-H$49)/H$48)<$AC31,AF$4,FALSE) -> 100 | AG31: =IF((($AB31-I$49)/I$48)<$AC31,AG$4,FALSE) -> 200 | AH31: =IF((($AB31-J$49)/J$48)<$AC31,AH$4,FALSE) -> 300 | AI31: =IF((($AB31-K$49)/K$48)<$AC31,AI$4,FALSE) -> 400 | AJ31: =IF((($AB31-L$49)/L$48)<$AC31,AJ$4,FALSE) -> 500 | AK31: =IF((($AB31-M$49)/M$48)<$AC31,AK$4,FALSE) -> 600 | AL31: =IF((($AB31-N$49)/N$48)<$AC31,AL$4,FALSE) -> 700 | AM31: =IF((($AB31-O$49)/O$48)<$AC31,AM$4,FALSE) -> 800 | AN31: =IF(MAX(AF31:AM31)<AE31,AA31,TRUE) -> TRUE
R32: 800 | S32: MAX GRAPH | V32: 3000 | W32: 30 | AA32: 270 | AB32: =נתונים!AB32-SUM(externalLOADwt) -> 2969.602 | AC32: =AD32/AB32 -> 4474.9119 | AD32: =נתונים!AC32*נתונים!AB32-SUM(externalLOADmoment) -> 13288707 | AE32: =IF(3700-AB32>800,800,3700-AB32) -> 730.398 | AF32: =IF((($AB32-H$49)/H$48)<$AC32,AF$4,FALSE) -> 100 | AG32: =IF((($AB32-I$49)/I$48)<$AC32,AG$4,FALSE) -> 200 | AH32: =IF((($AB32-J$49)/J$48)<$AC32,AH$4,FALSE) -> 300 | AI32: =IF((($AB32-K$49)/K$48)<$AC32,AI$4,FALSE) -> 400 | AJ32: =IF((($AB32-L$49)/L$48)<$AC32,AJ$4,FALSE) -> 500 | AK32: =IF((($AB32-M$49)/M$48)<$AC32,AK$4,FALSE) -> 600 | AL32: =IF((($AB32-N$49)/N$48)<$AC32,AL$4,FALSE) -> 700 | AM32: =IF((($AB32-O$49)/O$48)<$AC32,AM$4,FALSE) -> 800 | AN32: =IF(MAX(AF32:AM32)<AE32,AA32,TRUE) -> TRUE
V33: 3100 | W33: 31 | AA33: 280 | AB33: =נתונים!AB33-SUM(externalLOADwt) -> 2979.602 | AC33: =AD33/AB33 -> 4476.06 | AD33: =נתונים!AC33*נתונים!AB33-SUM(externalLOADmoment) -> 13336877 | AE33: =IF(3700-AB33>800,800,3700-AB33) -> 720.398 | AF33: =IF((($AB33-H$49)/H$48)<$AC33,AF$4,FALSE) -> 100 | AG33: =IF((($AB33-I$49)/I$48)<$AC33,AG$4,FALSE) -> 200 | AH33: =IF((($AB33-J$49)/J$48)<$AC33,AH$4,FALSE) -> 300 | AI33: =IF((($AB33-K$49)/K$48)<$AC33,AI$4,FALSE) -> 400 | AJ33: =IF((($AB33-L$49)/L$48)<$AC33,AJ$4,FALSE) -> 500 | AK33: =IF((($AB33-M$49)/M$48)<$AC33,AK$4,FALSE) -> 600 | AL33: =IF((($AB33-N$49)/N$48)<$AC33,AL$4,FALSE) -> 700 | AM33: =IF((($AB33-O$49)/O$48)<$AC33,AM$4,FALSE) -> 800 | AN33: =IF(MAX(AF33:AM33)<AE33,AA33,TRUE) -> TRUE
D34: WEIGHT WITHOUT CARGO2 | V34: 3200 | W34: 32 | AA34: 290 | AB34: =נתונים!AB34-SUM(externalLOADwt) -> 2989.602 | AC34: =AD34/AB34 -> 4477.2573 | AD34: =נתונים!AC34*נתונים!AB34-SUM(externalLOADmoment) -> 13385217 | AE34: =IF(3700-AB34>800,800,3700-AB34) -> 710.398 | AF34: =IF((($AB34-H$49)/H$48)<$AC34,AF$4,FALSE) -> 100 | AG34: =IF((($AB34-I$49)/I$48)<$AC34,AG$4,FALSE) -> 200 | AH34: =IF((($AB34-J$49)/J$48)<$AC34,AH$4,FALSE) -> 300 | AI34: =IF((($AB34-K$49)/K$48)<$AC34,AI$4,FALSE) -> 400 | AJ34: =IF((($AB34-L$49)/L$48)<$AC34,AJ$4,FALSE) -> 500 | AK34: =IF((($AB34-M$49)/M$48)<$AC34,AK$4,FALSE) -> 600 | AL34: =IF((($AB34-N$49)/N$48)<$AC34,AL$4,FALSE) -> 700 | AM34: =IF((($AB34-O$49)/O$48)<$AC34,AM$4,FALSE) -> 800 | AN34: =IF(MAX(AF34:AM34)<AE34,AA34,TRUE) -> TRUE
D35: מסוק | F35: LONG ARM | H35: מומנט אורכי | V35: 3300 | W35: 33 | AA35: 300 | AB35: =נתונים!AB35-SUM(externalLOADwt) -> 2999.602 | AC35: =AD35/AB35 -> 4478.3932 | AD35: =נתונים!AC35*נתונים!AB35-SUM(externalLOADmoment) -> 13433397 | AE35: =IF(3700-AB35>800,800,3700-AB35) -> 700.398 | AF35: =IF((($AB35-H$49)/H$48)<$AC35,AF$4,FALSE) -> 100 | AG35: =IF((($AB35-I$49)/I$48)<$AC35,AG$4,FALSE) -> 200 | AH35: =IF((($AB35-J$49)/J$48)<$AC35,AH$4,FALSE) -> 300 | AI35: =IF((($AB35-K$49)/K$48)<$AC35,AI$4,FALSE) -> 400 | AJ35: =IF((($AB35-L$49)/L$48)<$AC35,AJ$4,FALSE) -> 500 | AK35: =IF((($AB35-M$49)/M$48)<$AC35,AK$4,FALSE) -> 600 | AL35: =IF((($AB35-N$49)/N$48)<$AC35,AL$4,FALSE) -> 700 | AM35: =IF((($AB35-O$49)/O$48)<$AC35,AM$4,FALSE) -> 800 | AN35: =IF(MAX(AF35:AM35)<AE35,AA35,TRUE) -> TRUE
D36: =takeoffWT2-SUM(externalLOADwt) -> 3200 | F36: =H36/D36 -> 4482.5879 | H36: =takeoffWT2*takeoffARM2-SUM(externalLOADmoment) -> 14344281 | V36: 3400 | W36: 34 | AA36: 310 | AB36: =נתונים!AB36-SUM(externalLOADwt) -> 3009.602 | AC36: =AD36/AB36 -> 4479.5515 | AD36: =נתונים!AC36*נתונים!AB36-SUM(externalLOADmoment) -> 13481667 | AE36: =IF(3700-AB36>800,800,3700-AB36) -> 690.398 | AF36: =IF((($AB36-H$49)/H$48)<$AC36,AF$4,FALSE) -> 100 | AG36: =IF((($AB36-I$49)/I$48)<$AC36,AG$4,FALSE) -> 200 | AH36: =IF((($AB36-J$49)/J$48)<$AC36,AH$4,FALSE) -> 300 | AI36: =IF((($AB36-K$49)/K$48)<$AC36,AI$4,FALSE) -> 400 | AJ36: =IF((($AB36-L$49)/L$48)<$AC36,AJ$4,FALSE) -> 500 | AK36: =IF((($AB36-M$49)/M$48)<$AC36,AK$4,FALSE) -> 600 | AL36: =IF((($AB36-N$49)/N$48)<$AC36,AL$4,FALSE) -> 700 | AM36: =IF((($AB36-O$49)/O$48)<$AC36,AM$4,FALSE) -> 800 | AN36: =IF(MAX(AF36:AM36)<AE36,AA36,TRUE) -> TRUE
V37: 3500 | W37: 35 | AA37: 320 | AB37: =נתונים!AB37-SUM(externalLOADwt) -> 3019.602 | AC37: =AD37/AB37 -> 4480.722 | AD37: =נתונים!AC37*נתונים!AB37-SUM(externalLOADmoment) -> 13529997 | AE37: =IF(3700-AB37>800,800,3700-AB37) -> 680.398 | AF37: =IF((($AB37-H$49)/H$48)<$AC37,AF$4,FALSE) -> 100 | AG37: =IF((($AB37-I$49)/I$48)<$AC37,AG$4,FALSE) -> 200 | AH37: =IF((($AB37-J$49)/J$48)<$AC37,AH$4,FALSE) -> 300 | AI37: =IF((($AB37-K$49)/K$48)<$AC37,AI$4,FALSE) -> 400 | AJ37: =IF((($AB37-L$49)/L$48)<$AC37,AJ$4,FALSE) -> 500 | AK37: =IF((($AB37-M$49)/M$48)<$AC37,AK$4,FALSE) -> 600 | AL37: =IF((($AB37-N$49)/N$48)<$AC37,AL$4,FALSE) -> 700 | AM37: =IF((($AB37-O$49)/O$48)<$AC37,AM$4,FALSE) -> 800 | AN37: =IF(MAX(AF37:AM37)<AE37,AA37,TRUE) -> TRUE
D38: CHECK GRAPH | G38: ACTUAL FUEL (USER INPUTED) CHECK - FWD & AFT | V38: 3600 | W38: 36 | AA38: 330 | AB38: =נתונים!AB38-SUM(externalLOADwt) -> 3029.602 | AC38: =AD38/AB38 -> 4481.8947 | AD38: =נתונים!AC38*נתונים!AB38-SUM(externalLOADmoment) -> 13578357 | AE38: =IF(3700-AB38>800,800,3700-AB38) -> 670.398 | AF38: =IF((($AB38-H$49)/H$48)<$AC38,AF$4,FALSE) -> 100 | AG38: =IF((($AB38-I$49)/I$48)<$AC38,AG$4,FALSE) -> 200 | AH38: =IF((($AB38-J$49)/J$48)<$AC38,AH$4,FALSE) -> 300 | AI38: =IF((($AB38-K$49)/K$48)<$AC38,AI$4,FALSE) -> 400 | AJ38: =IF((($AB38-L$49)/L$48)<$AC38,AJ$4,FALSE) -> 500 | AK38: =IF((($AB38-M$49)/M$48)<$AC38,AK$4,FALSE) -> 600 | AL38: =IF((($AB38-N$49)/N$48)<$AC38,AL$4,FALSE) -> 700 | AM38: =IF((($AB38-O$49)/O$48)<$AC38,AM$4,FALSE) -> 800 | AN38: =IF(MAX(AF38:AM38)<AE38,AA38,TRUE) -> TRUE
D39: =F31 -> 4482.5879 | E39: =D31 -> 3200 | V39: 3700 | W39: 37 | AA39: 340 | AB39: =נתונים!AB39-SUM(externalLOADwt) -> 3039.602 | AC39: =AD39/AB39 -> 4482.9479 | AD39: =נתונים!AC39*נתונים!AB39-SUM(externalLOADmoment) -> 13626377 | AE39: =IF(3700-AB39>800,800,3700-AB39) -> 660.398 | AF39: =IF((($AB39-H$49)/H$48)<$AC39,AF$4,FALSE) -> 100 | AG39: =IF((($AB39-I$49)/I$48)<$AC39,AG$4,FALSE) -> 200 | AH39: =IF((($AB39-J$49)/J$48)<$AC39,AH$4,FALSE) -> 300 | AI39: =IF((($AB39-K$49)/K$48)<$AC39,AI$4,FALSE) -> 400 | AJ39: =IF((($AB39-L$49)/L$48)<$AC39,AJ$4,FALSE) -> 500 | AK39: =IF((($AB39-M$49)/M$48)<$AC39,AK$4,FALSE) -> 600 | AL39: =IF((($AB39-N$49)/N$48)<$AC39,AL$4,FALSE) -> 700 | AM39: =IF((($AB39-O$49)/O$48)<$AC39,AM$4,FALSE) -> 800 | AN39: =IF(MAX(AF39:AM39)<AE39,AA39,TRUE) -> TRUE
D40: =F36 -> 4482.5879 | E40: =D36 -> 3200 | G40: AFT | H40: 100 | I40: 200 | J40: 300 | K40: 400 | L40: 500 | M40: 600 | N40: 700 | O40: 800 | V40: 3800 | W40: 38 | AA40: 350 | AB40: =נתונים!AB40-SUM(externalLOADwt) -> 3049.602 | AC40: =AD40/AB40 -> 4484.0924 | AD40: =נתונים!AC40*נתונים!AB40-SUM(externalLOADmoment) -> 13674697 | AE40: =IF(3700-AB40>800,800,3700-AB40) -> 650.398 | AF40: =IF((($AB40-H$49)/H$48)<$AC40,AF$4,FALSE) -> 100 | AG40: =IF((($AB40-I$49)/I$48)<$AC40,AG$4,FALSE) -> 200 | AH40: =IF((($AB40-J$49)/J$48)<$AC40,AH$4,FALSE) -> 300 | AI40: =IF((($AB40-K$49)/K$48)<$AC40,AI$4,FALSE) -> 400 | AJ40: =IF((($AB40-L$49)/L$48)<$AC40,AJ$4,FALSE) -> 500 | AK40: =IF((($AB40-M$49)/M$48)<$AC40,AK$4,FALSE) -> 600 | AL40: =IF((($AB40-N$49)/N$48)<$AC40,AL$4,FALSE) -> 700 | AM40: =IF((($AB40-O$49)/O$48)<$AC40,AM$4,FALSE) -> 800 | AN40: =IF(MAX(AF40:AM40)<AE40,AA40,TRUE) -> TRUE
D41: =D40 -> 4482.5879 | E41: 1800 | G41: a | H41: =SLOPE($E$49:$E$50,$D$49:$D$50) -> -9.4736842 | I41: =SLOPE($E$56:$E$57,$D$56:$D$57) -> -9.1071429 | J41: =SLOPE($E$63:$E$64,$D$63:$D$64) -> -8.75 | K41: =SLOPE($E$70:$E$71,$D$70:$D$71) -> -8.32 | L41: =SLOPE($E$77:$E$78,$D$77:$D$78) -> -7.7692308 | M41: =SLOPE($E$84:$E$85,$D$84:$D$85) -> -7.518797 | N41: =SLOPE($E$91:$E$92,$D$91:$D$92) -> -7.037037 | O41: =SLOPE($E$98:$E$99,$D$98:$D$99) -> -6.6176471 | V41: 3900 | W41: 39 | AA41: 360 | AB41: =נתונים!AB41-SUM(externalLOADwt) -> 3059.602 | AC41: =AD41/AB41 -> 4485.2099 | AD41: =נתונים!AC41*נתונים!AB41-SUM(externalLOADmoment) -> 13722957 | AE41: =IF(3700-AB41>800,800,3700-AB41) -> 640.398 | AF41: =IF((($AB41-H$49)/H$48)<$AC41,AF$4,FALSE) -> 100 | AG41: =IF((($AB41-I$49)/I$48)<$AC41,AG$4,FALSE) -> 200 | AH41: =IF((($AB41-J$49)/J$48)<$AC41,AH$4,FALSE) -> 300 | AI41: =IF((($AB41-K$49)/K$48)<$AC41,AI$4,FALSE) -> 400 | AJ41: =IF((($AB41-L$49)/L$48)<$AC41,AJ$4,FALSE) -> 500 | AK41: =IF((($AB41-M$49)/M$48)<$AC41,AK$4,FALSE) -> 600 | AL41: =IF((($AB41-N$49)/N$48)<$AC41,AL$4,FALSE) -> 700 | AM41: =IF((($AB41-O$49)/O$48)<$AC41,AM$4,FALSE) -> 800 | AN41: =IF(MAX(AF41:AM41)<AE41,AA41,TRUE) -> TRUE
D42: =D39 -> 4482.5879 | E42: 1800 | G42: b | H42: =$E$49-$D$49*H$41 -> 46563.158 | I42: =$E$56-$D$56*I$41 -> 44855.536 | J42: =$E$63-$D$63*J$41 -> 43151.25 | K42: =$E$70-$D$70*K$41 -> 41147.68 | L42: =$E$77-$D$77*$L$41 -> 38565.538 | M42: =$E$84-$D$84*$M$41 -> 37363.158 | N42: =$E$91-$D$91*$N$41 -> 35088.889 | O42: =$E$98-$D$98*O$41 -> 33102.941 | V42: 4000 | W42: 40 | AA42: 370 | AB42: =נתונים!AB42-SUM(externalLOADwt) -> 3069.602 | AC42: =AD42/AB42 -> 4485.5676 | AD42: =נתונים!AC42*נתונים!AB42-SUM(externalLOADmoment) -> 13768907 | AE42: =IF(3700-AB42>800,800,3700-AB42) -> 630.398 | AF42: =IF((($AB42-H$49)/H$48)<$AC42,AF$4,FALSE) -> 100 | AG42: =IF((($AB42-I$49)/I$48)<$AC42,AG$4,FALSE) -> 200 | AH42: =IF((($AB42-J$49)/J$48)<$AC42,AH$4,FALSE) -> 300 | AI42: =IF((($AB42-K$49)/K$48)<$AC42,AI$4,FALSE) -> 400 | AJ42: =IF((($AB42-L$49)/L$48)<$AC42,AJ$4,FALSE) -> 500 | AK42: =IF((($AB42-M$49)/M$48)<$AC42,AK$4,FALSE) -> 600 | AL42: =IF((($AB42-N$49)/N$48)<$AC42,AL$4,FALSE) -> 700 | AM42: =IF((($AB42-O$49)/O$48)<$AC42,AM$4,FALSE) -> 800 | AN42: =IF(MAX(AF42:AM42)<AE42,AA42,TRUE) -> TRUE
D43: =D39 -> 4482.5879 | E43: =E39 -> 3200 | G43: x | H43: =($E$40-H$42)/H$41 -> 4577.2222 | I43: =($E$40-I$42)/I$41 -> 4573.9412 | J43: =($E$40-J$42)/J$41 -> 4565.8571 | K43: =($E$40-K$42)/K$41 -> 4561.0192 | L43: =($E$40-L$42)/L$41 -> 4552 | M43: =($E$40-M$42)/M$41 -> 4543.7 | N43: =($E$40-N$42)/N$41 -> 4531.5789 | O43: =($E$40-O$42)/O$41 -> 4518.6667 | V43: 4100 | W43: 41 | AA43: 380 | AB43: =נתונים!AB43-SUM(externalLOADwt) -> 3079.602 | AC43: =AD43/AB43 -> 4485.7216 | AD43: =נתונים!AC43*נתונים!AB43-SUM(externalLOADmoment) -> 13814237 | AE43: =IF(3700-AB43>800,800,3700-AB43) -> 620.398 | AF43: =IF((($AB43-H$49)/H$48)<$AC43,AF$4,FALSE) -> 100 | AG43: =IF((($AB43-I$49)/I$48)<$AC43,AG$4,FALSE) -> 200 | AH43: =IF((($AB43-J$49)/J$48)<$AC43,AH$4,FALSE) -> 300 | AI43: =IF((($AB43-K$49)/K$48)<$AC43,AI$4,FALSE) -> 400 | AJ43: =IF((($AB43-L$49)/L$48)<$AC43,AJ$4,FALSE) -> 500 | AK43: =IF((($AB43-M$49)/M$48)<$AC43,AK$4,FALSE) -> 600 | AL43: =IF((($AB43-N$49)/N$48)<$AC43,AL$4,FALSE) -> 700 | AM43: =IF((($AB43-O$49)/O$48)<$AC43,AM$4,FALSE) -> 800 | AN43: =IF(MAX(AF43:AM43)<AE43,AA43,TRUE) -> TRUE
H44: =(CARGO!H43>CARGO!$D$39) -> TRUE | I44: =(CARGO!I43>CARGO!$D$39) -> TRUE | J44: =(CARGO!J43>CARGO!$D$39) -> TRUE | K44: =(CARGO!K43>CARGO!$D$39) -> TRUE | L44: =(CARGO!L43>CARGO!$D$39) -> TRUE | M44: =(CARGO!M43>CARGO!$D$39) -> TRUE | N44: =(CARGO!N43>CARGO!$D$39) -> TRUE | O44: =(CARGO!O43>CARGO!$D$39) -> TRUE | V44: 4200 | W44: 42 | AA44: 390 | AB44: =נתונים!AB44-SUM(externalLOADwt) -> 3089.602 | AC44: =AD44/AB44 -> 4485.907 | AD44: =נתונים!AC44*נתונים!AB44-SUM(externalLOADmoment) -> 13859667 | AE44: =IF(3700-AB44>800,800,3700-AB44) -> 610.398 | AF44: =IF((($AB44-H$49)/H$48)<$AC44,AF$4,FALSE) -> 100 | AG44: =IF((($AB44-I$49)/I$48)<$AC44,AG$4,FALSE) -> 200 | AH44: =IF((($AB44-J$49)/J$48)<$AC44,AH$4,FALSE) -> 300 | AI44: =IF((($AB44-K$49)/K$48)<$AC44,AI$4,FALSE) -> 400 | AJ44: =IF((($AB44-L$49)/L$48)<$AC44,AJ$4,FALSE) -> 500 | AK44: =IF((($AB44-M$49)/M$48)<$AC44,AK$4,FALSE) -> 600 | AL44: =IF((($AB44-N$49)/N$48)<$AC44,AL$4,FALSE) -> 700 | AM44: =IF((($AB44-O$49)/O$48)<$AC44,AM$4,FALSE) -> 800 | AN44: =IF(MAX(AF44:AM44)<AE44,AA44,TRUE) -> TRUE
D45: CARGO 100KG | V45: 4300 | W45: 43 | AA45: 400 | AB45: =נתונים!AB45-SUM(externalLOADwt) -> 3099.602 | AC45: =AD45/AB45 -> 4485.6073 | AD45: =נתונים!AC45*נתונים!AB45-SUM(externalLOADmoment) -> 13903597 | AE45: =IF(3700-AB45>800,800,3700-AB45) -> 600.398 | AF45: =IF((($AB45-H$49)/H$48)<$AC45,AF$4,FALSE) -> 100 | AG45: =IF((($AB45-I$49)/I$48)<$AC45,AG$4,FALSE) -> 200 | AH45: =IF((($AB45-J$49)/J$48)<$AC45,AH$4,FALSE) -> 300 | AI45: =IF((($AB45-K$49)/K$48)<$AC45,AI$4,FALSE) -> 400 | AJ45: =IF((($AB45-L$49)/L$48)<$AC45,AJ$4,FALSE) -> 500 | AK45: =IF((($AB45-M$49)/M$48)<$AC45,AK$4,FALSE) -> 600 | AL45: =IF((($AB45-N$49)/N$48)<$AC45,AL$4,FALSE) -> 700 | AM45: =IF((($AB45-O$49)/O$48)<$AC45,AM$4,FALSE) -> 800 | AN45: =IF(MAX(AF45:AM45)<AE45,AA45,TRUE) -> TRUE
D46: מומנט | E46: משקל | V46: 4400 | W46: 44 | AA46: 410 | AB46: =נתונים!AB46-SUM(externalLOADwt) -> 3109.602 | AC46: =AD46/AB46 -> 4485.3159 | AD46: =נתונים!AC46*נתונים!AB46-SUM(externalLOADmoment) -> 13947547 | AE46: =IF(3700-AB46>800,800,3700-AB46) -> 590.398 | AF46: =IF((($AB46-H$49)/H$48)<$AC46,AF$4,FALSE) -> 100 | AG46: =IF((($AB46-I$49)/I$48)<$AC46,AG$4,FALSE) -> 200 | AH46: =IF((($AB46-J$49)/J$48)<$AC46,AH$4,FALSE) -> 300 | AI46: =IF((($AB46-K$49)/K$48)<$AC46,AI$4,FALSE) -> 400 | AJ46: =IF((($AB46-L$49)/L$48)<$AC46,AJ$4,FALSE) -> 500 | AK46: =IF((($AB46-M$49)/M$48)<$AC46,AK$4,FALSE) -> 600 | AL46: =IF((($AB46-N$49)/N$48)<$AC46,AL$4,FALSE) -> 700 | AM46: =IF((($AB46-O$49)/O$48)<$AC46,AM$4,FALSE) -> 800 | AN46: =IF(MAX(AF46:AM46)<AE46,AA46,TRUE) -> TRUE
C47: D | D47: 4347 | E47: 2400 | G47: FWD | H47: 100 | I47: 200 | J47: 300 | K47: 400 | L47: 500 | M47: 600 | N47: 700 | O47: 800 | V47: 4500 | W47: 45 | AA47: 420 | AB47: =נתונים!AB47-SUM(externalLOADwt) -> 3119.602 | AC47: =AD47/AB47 -> 4484.8982 | AD47: =נתונים!AC47*נתונים!AB47-SUM(externalLOADmoment) -> 13991097 | AE47: =IF(3700-AB47>800,800,3700-AB47) -> 580.398 | AF47: =IF((($AB47-H$49)/H$48)<$AC47,AF$4,FALSE) -> 100 | AG47: =IF((($AB47-I$49)/I$48)<$AC47,AG$4,FALSE) -> 200 | AH47: =IF((($AB47-J$49)/J$48)<$AC47,AH$4,FALSE) -> 300 | AI47: =IF((($AB47-K$49)/K$48)<$AC47,AI$4,FALSE) -> 400 | AJ47: =IF((($AB47-L$49)/L$48)<$AC47,AJ$4,FALSE) -> 500 | AK47: =IF((($AB47-M$49)/M$48)<$AC47,AK$4,FALSE) -> 600 | AL47: =IF((($AB47-N$49)/N$48)<$AC47,AL$4,FALSE) -> 700 | AM47: =IF((($AB47-O$49)/O$48)<$AC47,AM$4,FALSE) -> 800 | AN47: =IF(MAX(AF47:AM47)<AE47,AA47,TRUE) -> TRUE
C48: A | D48: 4378 | E48: 3600 | G48: a | H48: =SLOPE($E$47:$E$48,$D$47:$D$48) -> 38.709677 | I48: =SLOPE($E$54:$E$55,$D$54:$D$55) -> 36.666667 | J48: =SLOPE($E$61:$E$62,$D$61:$D$62) -> 34.482759 | K48: =SLOPE($E$68:$E$69,$D$68:$D$69) -> 37.5 | L48: =SLOPE($E$75:$E$76,$D$75:$D$76) -> 33.333333 | M48: =SLOPE($E$82:$E$83,$D$82:$D$83) -> 31.818182 | N48: =SLOPE($E$89:$E$90,$D$89:$D$90) -> 30 | O48: =SLOPE($E$96:$E$97,$D$96:$D$97) -> 29.411765 | V48: 4600 | W48: 46 | AA48: 430 | AB48: =נתונים!AB48-SUM(externalLOADwt) -> 3129.602 | AC48: =AD48/AB48 -> 4484.6205 | AD48: =נתונים!AC48*נתונים!AB48-SUM(externalLOADmoment) -> 14035077 | AE48: =IF(3700-AB48>800,800,3700-AB48) -> 570.398 | AF48: =IF((($AB48-H$49)/H$48)<$AC48,AF$4,FALSE) -> 100 | AG48: =IF((($AB48-I$49)/I$48)<$AC48,AG$4,FALSE) -> 200 | AH48: =IF((($AB48-J$49)/J$48)<$AC48,AH$4,FALSE) -> 300 | AI48: =IF((($AB48-K$49)/K$48)<$AC48,AI$4,FALSE) -> 400 | AJ48: =IF((($AB48-L$49)/L$48)<$AC48,AJ$4,FALSE) -> 500 | AK48: =IF((($AB48-M$49)/M$48)<$AC48,AK$4,FALSE) -> 600 | AL48: =IF((($AB48-N$49)/N$48)<$AC48,AL$4,FALSE) -> 700 | AM48: =IF((($AB48-O$49)/O$48)<$AC48,AM$4,FALSE) -> 800 | AN48: =IF(MAX(AF48:AM48)<AE48,AA48,TRUE) -> TRUE
C49: B | D49: 4535 | E49: 3600 | G49: b | H49: =$E$47-$D$47*H$48 -> -165870.97 | I49: =$E$54-$D$54*I$48 -> -156990 | J49: =$E$61-$D$61*J$48 -> -147496.55 | K49: =$E$68-$D$68*K$48 -> -160725 | L49: =$E$75-$D$75*L$48 -> -142600 | M49: =$E$82-$D$82*M$48 -> -136009.09 | N49: =$E$89-$D$89*N$48 -> -128100 | O49: =$E$96-$D$96*O$48 -> -125541.18 | V49: 4700 | W49: 47 | AA49: 440 | AB49: =נתונים!AB49-SUM(externalLOADwt) -> 3139.602 | AC49: =AD49/AB49 -> 4484.351 | AD49: =נתונים!AC49*נתונים!AB49-SUM(externalLOADmoment) -> 14079077 | AE49: =IF(3700-AB49>800,800,3700-AB49) -> 560.398 | AF49: =IF((($AB49-H$49)/H$48)<$AC49,AF$4,FALSE) -> 100 | AG49: =IF((($AB49-I$49)/I$48)<$AC49,AG$4,FALSE) -> 200 | AH49: =IF((($AB49-J$49)/J$48)<$AC49,AH$4,FALSE) -> 300 | AI49: =IF((($AB49-K$49)/K$48)<$AC49,AI$4,FALSE) -> 400 | AJ49: =IF((($AB49-L$49)/L$48)<$AC49,AJ$4,FALSE) -> 500 | AK49: =IF((($AB49-M$49)/M$48)<$AC49,AK$4,FALSE) -> 600 | AL49: =IF((($AB49-N$49)/N$48)<$AC49,AL$4,FALSE) -> 700 | AM49: =IF((($AB49-O$49)/O$48)<$AC49,AM$4,FALSE) -> 800 | AN49: =IF(MAX(AF49:AM49)<AE49,AA49,TRUE) -> TRUE
C50: C | D50: 4630 | E50: 2700 | G50: x | H50: =($E$40-H$49)/H$48 -> 4367.6667 | I50: =($E$40-I$49)/I$48 -> 4368.8182 | J50: =($E$40-J$49)/J$48 -> 4370.2 | K50: =($E$40-K$49)/K$48 -> 4371.3333 | L50: =($E$40-L$49)/L$48 -> 4374 | M50: =($E$40-M$49)/M$48 -> 4375.1429 | N50: =($E$40-N$49)/N$48 -> 4376.6667 | O50: =($E$40-O$49)/O$48 -> 4377.2 | V50: 4800 | W50: 48 | AA50: 450 | AB50: =נתונים!AB50-SUM(externalLOADwt) -> 3149.602 | AC50: =AD50/AB50 -> 4484.0895 | AD50: =נתונים!AC50*נתונים!AB50-SUM(externalLOADmoment) -> 14123097 | AE50: =IF(3700-AB50>800,800,3700-AB50) -> 550.398 | AF50: =IF((($AB50-H$49)/H$48)<$AC50,AF$4,FALSE) -> 100 | AG50: =IF((($AB50-I$49)/I$48)<$AC50,AG$4,FALSE) -> 200 | AH50: =IF((($AB50-J$49)/J$48)<$AC50,AH$4,FALSE) -> 300 | AI50: =IF((($AB50-K$49)/K$48)<$AC50,AI$4,FALSE) -> 400 | AJ50: =IF((($AB50-L$49)/L$48)<$AC50,AJ$4,FALSE) -> 500 | AK50: =IF((($AB50-M$49)/M$48)<$AC50,AK$4,FALSE) -> 600 | AL50: =IF((($AB50-N$49)/N$48)<$AC50,AL$4,FALSE) -> 700 | AM50: =IF((($AB50-O$49)/O$48)<$AC50,AM$4,FALSE) -> 800 | AN50: =IF(MAX(AF50:AM50)<AE50,AA50,TRUE) -> TRUE
H51: =(CARGO!H50<CARGO!$D$40) -> TRUE | I51: =(CARGO!I50<CARGO!$D$40) -> TRUE | J51: =(CARGO!J50<CARGO!$D$40) -> TRUE | K51: =(CARGO!K50<CARGO!$D$40) -> TRUE | L51: =(CARGO!L50<CARGO!$D$40) -> TRUE | M51: =(CARGO!M50<CARGO!$D$40) -> TRUE | N51: =(CARGO!N50<CARGO!$D$40) -> TRUE | O51: =(CARGO!O50<CARGO!$D$40) -> TRUE | V51: 4900 | W51: 49 | AA51: 460 | AB51: =נתונים!AB51-SUM(externalLOADwt) -> 3159.602 | AC51: =AD51/AB51 -> 4483.6904 | AD51: =נתונים!AC51*נתונים!AB51-SUM(externalLOADmoment) -> 14166677 | AE51: =IF(3700-AB51>800,800,3700-AB51) -> 540.398 | AF51: =IF((($AB51-H$49)/H$48)<$AC51,AF$4,FALSE) -> 100 | AG51: =IF((($AB51-I$49)/I$48)<$AC51,AG$4,FALSE) -> 200 | AH51: =IF((($AB51-J$49)/J$48)<$AC51,AH$4,FALSE) -> 300 | AI51: =IF((($AB51-K$49)/K$48)<$AC51,AI$4,FALSE) -> 400 | AJ51: =IF((($AB51-L$49)/L$48)<$AC51,AJ$4,FALSE) -> 500 | AK51: =IF((($AB51-M$49)/M$48)<$AC51,AK$4,FALSE) -> 600 | AL51: =IF((($AB51-N$49)/N$48)<$AC51,AL$4,FALSE) -> 700 | AM51: =IF((($AB51-O$49)/O$48)<$AC51,AM$4,FALSE) -> 800 | AN51: =IF(MAX(AF51:AM51)<AE51,AA51,TRUE) -> TRUE
D52: CARGO 200KG | V52: 5000 | W52: 50 | AA52: 470 | AB52: =נתונים!AB52-SUM(externalLOADwt) -> 3169.602 | AC52: =AD52/AB52 -> 4483.4422 | AD52: =נתונים!AC52*נתונים!AB52-SUM(externalLOADmoment) -> 14210727 | AE52: =IF(3700-AB52>800,800,3700-AB52) -> 530.398 | AF52: =IF((($AB52-H$49)/H$48)<$AC52,AF$4,FALSE) -> 100 | AG52: =IF((($AB52-I$49)/I$48)<$AC52,AG$4,FALSE) -> 200 | AH52: =IF((($AB52-J$49)/J$48)<$AC52,AH$4,FALSE) -> 300 | AI52: =IF((($AB52-K$49)/K$48)<$AC52,AI$4,FALSE) -> 400 | AJ52: =IF((($AB52-L$49)/L$48)<$AC52,AJ$4,FALSE) -> 500 | AK52: =IF((($AB52-M$49)/M$48)<$AC52,AK$4,FALSE) -> 600 | AL52: =IF((($AB52-N$49)/N$48)<$AC52,AL$4,FALSE) -> 700 | AM52: =IF((($AB52-O$49)/O$48)<$AC52,AM$4,FALSE) -> 800 | AN52: =IF(MAX(AF52:AM52)<AE52,AA52,TRUE) -> TRUE
D53: מומנט | E53: משקל | H53: OK FOR CARGO | V53: 5100 | AA53: 480 | AB53: =נתונים!AB53-SUM(externalLOADwt) -> 3179.602 | AC53: =AD53/AB53 -> 4483.2018 | AD53: =נתונים!AC53*נתונים!AB53-SUM(externalLOADmoment) -> 14254797 | AE53: =IF(3700-AB53>800,800,3700-AB53) -> 520.398 | AF53: =IF((($AB53-H$49)/H$48)<$AC53,AF$4,FALSE) -> 100 | AG53: =IF((($AB53-I$49)/I$48)<$AC53,AG$4,FALSE) -> 200 | AH53: =IF((($AB53-J$49)/J$48)<$AC53,AH$4,FALSE) -> 300 | AI53: =IF((($AB53-K$49)/K$48)<$AC53,AI$4,FALSE) -> 400 | AJ53: =IF((($AB53-L$49)/L$48)<$AC53,AJ$4,FALSE) -> 500 | AK53: =IF((($AB53-M$49)/M$48)<$AC53,AK$4,FALSE) -> 600 | AL53: =IF((($AB53-N$49)/N$48)<$AC53,AL$4,FALSE) -> 700 | AM53: =IF((($AB53-O$49)/O$48)<$AC53,AM$4,FALSE) -> 800 | AN53: =IF(MAX(AF53:AM53)<AE53,AA53,TRUE) -> TRUE
C54: D | D54: 4347 | E54: 2400 | H54: =IF(AND(H44,H51),H40,0) -> 100 | I54: =IF(AND(I44,I51),I40,0) -> 200 | J54: =IF(AND(J44,J51),J40,0) -> 300 | K54: =IF(AND(K44,K51),K40,0) -> 400 | L54: =IF(AND(L44,L51),L40,0) -> 500 | M54: =IF(AND(M44,M51),M40,0) -> 600 | N54: =IF(AND(N44,N51),N40,0) -> 700 | O54: =IF(AND(O44,O51),O40,0) -> 800 | V54: 5200 | AA54: 490 | AB54: =נתונים!AB54-SUM(externalLOADwt) -> 3189.602 | AC54: =AD54/AB54 -> 4482.8155 | AD54: =נתונים!AC54*נתונים!AB54-SUM(externalLOADmoment) -> 14298397 | AE54: =IF(3700-AB54>800,800,3700-AB54) -> 510.398 | AF54: =IF((($AB54-H$49)/H$48)<$AC54,AF$4,FALSE) -> 100 | AG54: =IF((($AB54-I$49)/I$48)<$AC54,AG$4,FALSE) -> 200 | AH54: =IF((($AB54-J$49)/J$48)<$AC54,AH$4,FALSE) -> 300 | AI54: =IF((($AB54-K$49)/K$48)<$AC54,AI$4,FALSE) -> 400 | AJ54: =IF((($AB54-L$49)/L$48)<$AC54,AJ$4,FALSE) -> 500 | AK54: =IF((($AB54-M$49)/M$48)<$AC54,AK$4,FALSE) -> 600 | AL54: =IF((($AB54-N$49)/N$48)<$AC54,AL$4,FALSE) -> 700 | AM54: =IF((($AB54-O$49)/O$48)<$AC54,AM$4,FALSE) -> 800 | AN54: =IF(MAX(AF54:AM54)<AE54,AA54,TRUE) -> TRUE
C55: A | D55: 4377 | E55: 3500 | V55: 5300 | AA55: 500 | AB55: =נתונים!AB55-SUM(externalLOADwt) -> 3199.602 | AC55: =AD55/AB55 -> 4482.5879 | AD55: =נתונים!AC55*נתונים!AB55-SUM(externalLOADmoment) -> 14342497 | AE55: =IF(3700-AB55>800,800,3700-AB55) -> 500.398 | AF55: =IF((($AB55-H$49)/H$48)<$AC55,AF$4,FALSE) -> 100 | AG55: =IF((($AB55-I$49)/I$48)<$AC55,AG$4,FALSE) -> 200 | AH55: =IF((($AB55-J$49)/J$48)<$AC55,AH$4,FALSE) -> 300 | AI55: =IF((($AB55-K$49)/K$48)<$AC55,AI$4,FALSE) -> 400 | AJ55: =IF((($AB55-L$49)/L$48)<$AC55,AJ$4,FALSE) -> 500 | AK55: =IF((($AB55-M$49)/M$48)<$AC55,AK$4,FALSE) -> 600 | AL55: =IF((($AB55-N$49)/N$48)<$AC55,AL$4,FALSE) -> 700 | AM55: =IF((($AB55-O$49)/O$48)<$AC55,AM$4,FALSE) -> 800 | AN55: =IF(MAX(AF55:AM55)<AE55,AA55,TRUE) -> TRUE
